6,1,5,2,3,4,0
13,8,11,7,12,10,9,0
19,14,18,16,17,15,0
24,21,20,22,23,0
29,26,27,25,28,0
34,32,31,33,30,0
41,37,39,40,35,38,36,0
47,46,42,45,43,44,0
53,52,50,51,49,48,0
60,57,59,58,55,54,56,0
68,61,67,66,62,65,63,64,0
74,72,70,69,73,71,0
81,75,76,77,78,79,80,0
87,86,84,82,83,85,0
92,89,90,91,88,0
97,95,96,94,93,0
103,99,100,98,102,101,0
109,106,104,108,107,105,0
115,112,111,114,110,113,0
120,116,117,119,118,0
125,124,123,121,122,0
131,128,126,130,129,127,0
137,135,132,136,133,134,0
144,138,143,142,139,141,140,0
151,150,149,146,148,147,145,0
158,155,154,156,157,153,152,0
161,160,121,123,159,0
168,162,163,167,165,164,166,0
175,174,171,170,172,173,169,0
182,178,180,179,176,177,181,0
188,184,187,186,185,183,0
193,191,192,190,189,0
199,197,195,198,196,194,0
206,203,202,205,200,204,201,0
213,208,211,209,207,212,210,0
219,216,215,218,217,214,0
224,222,220,223,221,0
229,227,228,226,225,0
233,232,230,231,0
239,235,236,234,238,237,0
244,243,240,242,241,0
248,245,246,247,0
253,252,250,249,251,0
259,256,255,258,257,254,0
263,261,262,260,0
270,269,267,266,264,265,268,0
275,273,274,272,271,0
281,276,280,277,279,278,0
288,284,286,283,282,287,285,0
293,177,176,292,289,291,290,0
300,294,296,299,295,298,297,0
307,303,301,304,305,302,306,0
313,312,310,308,309,311,0
319,318,316,314,315,317,0
326,321,322,324,323,325,320,0
332,328,330,329,331,327,0
338,336,337,334,333,335,0
344,342,343,341,340,339,0
349,346,348,347,345,0
353,351,352,234,236,350,0
184,354,356,357,355,358,187,0
363,360,361,362,359,0
369,368,365,366,364,367,0
376,374,373,370,372,375,371,0
382,379,377,381,380,378,0
388,385,383,386,387,384,0
392,390,391,389,0
397,393,394,396,395,0
401,398,65,62,400,399,0
404,403,402,82,84,0
411,405,406,409,410,408,407,0
417,415,412,413,416,414,0
423,418,422,420,421,419,0
427,426,424,425,0
433,428,432,429,430,431,0
439,435,438,437,434,436,0
445,442,443,441,440,444,0
451,449,448,450,447,446,0
457,452,456,455,453,454,0
464,460,461,459,463,462,458,0
472,467,470,468,466,471,465,469,0
477,476,475,474,473,0
482,481,479,478,480,0
488,486,484,487,483,485,0
496,491,495,490,493,489,494,492,0
505,501,503,497,498,504,502,499,500,0
510,506,508,507,509,0
517,515,513,511,514,516,512,0
523,519,522,520,521,518,0
528,527,524,525,526,0
533,532,531,529,530,0
539,538,536,537,535,534,0
545,540,544,541,542,543,0
505,547,549,546,548,501,0
556,550,551,553,552,555,554,0
563,559,557,561,558,560,562,0
569,566,564,565,568,567,0
76,572,573,571,570,77,0
577,576,574,575,508,506,0
585,578,581,579,582,584,583,580,0
590,589,587,586,588,0
597,593,596,592,595,594,591,0
604,598,601,602,599,603,600,0
52,53,609,608,607,605,606,0
614,613,611,612,610,0
617,136,132,615,616,0
623,619,622,621,620,618,0
628,627,624,625,626,0
636,633,634,631,635,632,629,630,0
641,640,637,639,638,0
504,646,644,643,645,642,502,0
650,647,649,648,306,302,0
353,350,653,651,652,654,0
68,655,657,656,61,0
665,663,660,664,659,661,662,658,0
669,151,145,668,667,666,0
675,673,672,671,674,670,0
681,676,680,678,677,679,0
685,684,683,682,366,365,0
692,688,689,691,687,690,686,0
700,694,698,695,699,693,697,696,0
705,701,702,704,703,0
712,707,708,711,710,709,706,0
718,715,716,713,717,714,0
724,720,722,719,723,721,0
730,405,411,728,725,726,729,727,0
734,732,731,733,66,67,0
737,736,735,183,185,0
742,740,739,741,738,0
747,743,421,420,746,744,745,0
753,751,748,750,749,752,0
757,756,755,754,140,141,0
259,760,759,761,758,256,0
768,766,763,764,765,767,762,0
774,771,773,769,772,770,0
779,775,98,100,777,776,778,0
783,781,780,550,556,782,0
788,787,785,786,784,0
793,792,790,791,789,0
799,797,796,794,795,798,0
803,802,801,800,0
809,808,804,807,806,805,0
814,813,812,811,810,0
821,817,815,820,819,816,818,0
825,822,823,824,381,377,0
423,827,828,826,829,418,0
442,830,764,763,831,443,0
836,835,832,834,833,0
841,837,839,537,536,840,838,0
844,120,118,843,842,0
850,847,848,849,846,845,0
856,853,852,855,851,854,0
862,861,857,858,860,859,0
865,686,690,863,864,0
871,867,870,869,866,868,0
877,875,873,876,874,281,278,872,0
881,880,879,772,769,878,0
887,886,885,884,882,883,0
894,891,893,531,532,890,888,892,889,0
897,895,896,271,272,0
903,901,900,899,902,898,0
907,906,904,905,0
910,909,279,277,908,0
914,913,912,911,0
920,917,916,915,919,918,0
924,922,205,202,921,923,0
929,512,516,928,925,927,926,0
935,933,932,930,931,934,0
938,524,527,937,727,729,936,0
943,520,522,941,940,942,939,0
949,945,946,944,948,947,0
956,954,951,952,955,950,953,0
960,958,310,312,959,957,0
964,963,962,961,0
969,147,148,966,968,965,967,0
976,974,973,971,970,975,972,0
85,372,370,977,978,87,0
456,452,21,24,979,0
983,981,534,535,982,980,0
331,984,985,986,327,0
528,987,544,540,937,527,0
990,988,989,493,490,0
992,991,921,202,203,0
996,995,993,994,0
990,490,495,997,248,247,0
1000,999,998,28,25,0
1007,1005,1006,1003,1001,105,107,1004,1002,0
1012,1010,1011,1008,1009,0
111,112,1015,1016,1013,1014,0
1022,1020,1017,1021,639,637,1019,1018,0
1027,1024,1026,1025,1023,0
1030,1029,883,882,1028,0
1035,1032,1033,1034,1031,0
1039,1038,1036,1037,0
1044,1043,1042,1040,1041,0
943,699,695,521,520,0
211,208,1047,1046,1045,1048,0
1051,1050,397,395,1049,0
579,581,1053,1054,1052,0
1060,1058,1056,1059,1057,1055,0
1064,1063,1062,1061,0
1069,1068,293,290,1067,1066,1065,0
1075,1072,1073,1071,1074,1070,0
1081,1076,1079,1077,1078,1080,0
1088,1082,1087,1083,1086,1084,1085,0
705,1090,1089,1091,701,0
778,1093,1095,1094,1092,779,0
1100,1099,1097,1098,1096,0
1103,1102,610,612,1101,0
1109,1106,1108,1104,1107,1105,0
1114,1110,1113,1111,1112,0
643,644,1116,621,622,1115,0
1118,1117,634,633,0
1125,1120,1119,1123,1122,1124,1121,0
1129,1127,1128,1126,0
1133,1132,364,366,682,1131,1130,0
1138,1137,1136,1135,1134,0
1140,60,56,1139,0
655,1142,1141,1145,1144,1143,657,0
328,1083,1087,1146,330,0
583,1150,1149,1147,1148,580,0
1153,458,462,1152,1151,0
1158,1157,1156,1154,1155,0
1165,1159,1160,1161,1163,1164,1162,0
1170,1169,1166,1167,1168,0
604,1174,1172,1173,1171,598,0
1178,1175,1177,1176,593,597,0
213,1181,1179,1180,1047,208,0
1184,1183,91,90,1182,0
173,1185,670,674,169,0
1190,1189,1188,1186,1187,0
1195,1191,1192,1194,270,268,1193,0
1202,1197,1198,1196,1199,1201,1200,0
300,1205,1203,1204,294,0
1208,1207,1206,498,497,0
1212,1211,339,340,1210,1209,0
819,1214,143,138,33,31,1213,816,0
1219,1218,1216,1215,1217,0
1222,1220,1221,737,185,186,0
1226,1225,1223,1224,0
1231,1230,1228,1227,1229,0
1236,1234,1233,1235,1232,0
1239,35,40,1238,1237,0
1243,1241,1240,523,518,1242,0
1248,1245,1244,431,430,1247,1246,0
1256,1254,1250,1251,1253,1252,1255,1249,0
1133,1258,1257,1259,1132,0
1262,376,371,1261,1260,0
1266,1265,494,489,1263,1264,0
1269,1268,752,749,1267,357,356,0
1272,1271,192,191,1270,0
1278,1273,1276,1274,1275,1277,0
1283,1282,1279,263,260,1281,1280,0
1286,1139,56,54,1284,1285,0
1291,1290,1289,1288,1287,0
1292,78,77,570,0
243,1296,1295,1293,1294,240,0
1300,1297,1299,1298,0
131,783,782,1303,1301,1302,128,0
1307,1304,1277,1275,1306,1305,0
1311,1308,283,286,1310,1309,0
1314,325,323,1312,1313,0
336,1316,1315,1317,337,0
1320,1318,355,357,1267,1319,0
1124,1122,1321,1322,1324,1323,0
1328,1326,1325,1327,1227,1228,0
803,800,1329,1331,1334,1333,1332,1330,0
1338,743,747,1337,1335,1336,0
1344,1342,1339,1343,1341,1340,0
1347,1346,122,121,160,1345,0
1353,1348,1349,1352,1351,1350,0
1360,1054,1053,1355,1357,1356,1354,1359,1358,0
975,1363,1362,1361,972,0
141,139,1364,333,334,1365,757,0
1371,152,153,1369,1368,1370,1366,1367,0
1374,1372,1373,425,424,0
1377,1376,726,725,1375,0
1382,1380,1378,1381,1379,0
1386,1385,1384,1383,1014,1013,0
841,1387,1388,837,0
1390,806,807,696,697,1389,0
1394,1007,1002,1391,1392,1393,0
1398,1397,1395,1396,904,906,0
628,626,1402,1401,1403,1400,1399,0
1344,1340,1406,1405,916,917,1404,0
1411,1407,1408,1410,440,441,1409,0
408,1415,1412,1413,1414,407,0
787,1418,1416,1419,1417,1420,785,0
790,1421,1423,907,905,1040,1042,1422,791,0
1426,1424,1425,1367,1366,0
382,378,1428,845,846,1429,1427,0
767,1431,117,116,1430,762,0
1436,1432,1434,1031,1034,1435,1433,0
1441,1437,220,222,1438,1440,1439,0
1446,1444,1445,912,913,1442,1443,0
1449,1448,180,178,1447,1237,1238,0
825,377,379,796,797,1452,1450,1451,0
1457,1455,1453,1381,1378,1454,1456,0
1458,108,104,1359,1354,398,401,0
1291,1287,1460,804,808,70,72,1459,0
1464,1463,1461,1462,0
1467,1466,1465,204,200,0
1471,1470,1468,1469,0
1475,1472,1474,1473,461,460,0
885,1476,1478,1477,884,0
227,1479,1480,1482,925,928,1481,228,0
1246,1483,944,946,1484,1248,0
880,881,1487,1485,1488,1486,0
1491,1489,1428,378,380,1490,0
137,134,419,421,743,1338,1492,0
860,552,553,1493,859,0
1496,1495,1281,260,262,1494,0
1500,1498,4,3,1497,1499,0
712,706,1505,1503,1501,1504,1502,0
1509,1506,1507,1495,1496,1508,0
1512,406,405,730,1510,1511,0
1515,894,889,1514,1513,0
1517,1516,871,868,1264,1263,0
1518,463,459,276,281,874,0
1524,1523,1521,1522,1519,1520,0
963,470,467,1525,11,8,962,0
997,1529,1528,1526,1527,245,248,0
1533,417,414,1532,1530,1531,0
1538,1535,1536,1534,1077,1079,1537,0
1543,602,601,1542,1540,1541,1539,0
1547,1546,1544,1545,36,38,0
1331,1549,1550,1011,1010,1548,1334,0
692,686,865,1552,450,448,1551,0
855,1556,1555,1553,1554,851,0
1561,1560,1559,1558,1557,0
1565,1564,1562,1563,0
1570,1569,1568,932,933,1566,1567,0
760,1574,1573,1571,1575,1572,759,0
95,1577,1578,1576,1580,1579,96,0
1583,1581,1582,985,984,0
1208,497,503,1584,305,304,0
515,1586,887,883,1029,1585,513,0
252,1588,1587,1008,1011,1550,250,0
888,890,1589,1590,416,413,0
968,1592,1591,965,0
1596,1595,1593,347,348,1594,0
1601,1598,1600,1599,1597,675,670,1185,0
1603,13,9,1602,0
1606,1605,1604,514,511,0
909,1608,1607,872,278,279,0
1615,1611,1614,1613,1612,1609,1610,0
1616,662,661,1180,1179,0
958,1617,1619,1618,308,310,0
1398,906,907,1423,1620,733,731,0
926,1621,473,474,929,0
1624,1623,1488,1485,1622,0
488,485,274,273,1625,1626,0
569,1627,1629,1628,566,0
509,1630,1631,1632,510,0
1636,1635,1633,1634,454,453,0
20,21,452,457,956,953,1637,0
1640,1638,1639,292,176,179,0
1004,107,108,1458,0
1644,810,811,1643,435,439,1642,1641,0
1003,1627,569,567,1645,1646,1001,0
1512,1647,409,406,0
579,1052,1648,1649,582,0
265,264,1650,1020,1022,0
1394,1393,1653,1651,1654,1652,0
1657,950,955,1656,1655,833,834,0
623,618,1658,1025,1026,1659,0
1282,1661,1660,939,942,1279,0
193,189,898,902,1662,0
1666,1033,1032,1578,1577,1665,1664,1663,0
717,1668,1667,714,0
253,251,1670,1669,1061,1062,0
1671,539,534,981,957,959,0
1676,1674,1672,1675,1673,1048,1045,0
1679,1678,1127,1129,1677,0
960,957,981,983,1681,1680,0
1688,1683,1687,1686,1684,1685,1130,1131,1682,0
1241,1689,1691,1690,168,166,1240,0
1276,1273,1076,1081,1694,1692,1693,0
1696,1606,511,513,1585,1695,0
229,225,1698,1699,1697,1700,0
1703,525,524,938,1702,1701,0
1707,1706,17,16,1704,1705,0
742,738,1710,1709,1708,0
698,1242,518,521,695,0
572,1711,1654,1651,1712,1713,573,0
59,57,1714,1716,1715,0
1721,1717,1720,1718,1719,635,631,0
992,203,206,1722,590,588,0
313,311,671,672,1080,1078,1723,0
668,145,147,969,0
1543,1724,599,602,0
1118,633,636,1725,1446,1443,0
1097,1726,1727,732,734,1098,0
1102,1729,558,561,1730,1728,614,610,0
1733,1732,1731,564,566,1628,0
1735,1110,1114,1095,1093,1691,1689,1734,0
1739,1738,146,149,1736,1737,130,126,0
102,98,775,1740,1741,299,296,0
1743,115,113,1742,0
1747,1213,31,32,1744,1746,1745,0
1115,1748,1104,1108,645,643,0
1752,1751,1749,483,487,1750,0
1757,1754,1755,1756,1753,0
12,1760,1758,1759,10,0
1761,681,679,750,748,0
1765,1215,1216,1762,1764,1763,0
1016,575,574,1766,1386,1013,0
973,1767,1768,110,114,971,0
1769,1089,1090,1199,1196,0
1771,1770,1740,775,779,1092,0
989,1517,1263,489,493,0
1775,1774,1772,1773,0
404,84,86,1779,1778,1777,1776,0
22,1322,1321,1781,1780,23,0
238,234,352,1594,348,346,1782,0
1787,1785,1786,1783,1784,0
1788,722,720,1107,1104,1748,0
1791,1790,196,198,1789,0
585,1687,1683,1792,578,0
1169,1793,591,594,1795,1794,1166,0
1802,1797,1798,1801,1800,1796,1799,0
1807,1806,1804,1805,1803,0
465,471,1808,1777,1778,0
1183,1809,1810,88,91,0
1021,1707,1705,638,639,0
1813,1116,644,646,1812,1811,0
1817,1816,1814,1815,1006,1005,0
1272,1270,1821,1820,1818,369,367,1819,0
1824,444,440,1410,1822,1823,1103,1101,0
1827,422,418,829,1826,361,360,1825,0
1830,1829,1828,1769,1196,1198,0
1834,1833,1831,1832,1696,1695,0
1838,1837,1835,1836,0
1840,1839,282,283,1308,0
1844,1841,1842,1843,0
597,591,1793,318,319,1178,0
19,1845,14,0
563,1847,1846,559,0
1849,1688,1682,1848,1144,1145,0
1666,1850,617,616,1435,1034,1033,0
1852,1802,1799,1851,0
1676,664,660,1853,1674,0
1856,1538,1537,1855,1854,0
1859,1857,1858,1575,1571,0
403,1217,1215,1765,1860,1861,402,0
48,1862,1863,1864,609,53,0
1867,630,629,1865,1866,0
1871,1870,1868,649,647,1869,0
1874,711,708,1872,1873,0
1877,1875,1876,207,209,0
1880,1878,1297,1300,1879,774,770,0
1882,224,221,1881,1190,1187,0
1884,653,350,236,235,1883,0
1888,1886,1526,1528,1887,1885,0
1840,1308,1311,903,898,189,190,0
1892,1891,1890,1889,1693,1692,0
1500,1499,1893,1894,0
1899,1897,1896,1895,1898,1302,1301,0
1901,1900,1448,1449,739,740,0
1703,1903,1902,526,525,0
1908,1904,1907,1905,1906,0
1911,1135,1136,1910,1307,1305,1909,0
724,1913,1912,1105,1107,720,0
1813,1914,620,621,1116,0
1157,1917,1915,625,624,1916,1156,0
1918,1141,1142,64,63,0
1920,1919,157,156,744,746,0
1921,1644,1641,241,242,0
768,976,972,1361,1922,766,0
1637,953,950,1657,1923,0
1925,1924,43,45,665,658,0
1290,1927,1735,1734,1926,1289,0
1256,1928,1163,1161,1254,0
1747,1929,818,816,1213,0
1932,1931,170,171,1930,0
1935,1922,1361,1362,1933,1934,0
1938,1936,1937,1283,1280,0
691,1939,1610,1609,687,0
124,1940,596,593,1176,159,123,0
1945,1943,1941,1942,1944,0
648,217,218,1946,307,306,0
1948,144,140,754,1947,0
237,1949,1134,1135,1911,239,0
1952,1951,870,867,1950,0
1956,1955,1954,233,231,1953,0
1957,1643,811,812,1414,1413,0
1420,1406,1340,1341,786,785,0
1939,1197,1202,1615,1610,0
1961,1958,1959,284,288,1960,1168,1167,0
1400,853,856,1962,1399,0
1403,1963,914,911,852,853,1400,0
752,1268,1965,1964,978,977,753,0
1869,647,650,1966,548,546,0
1967,1771,1092,1094,1260,1261,0
1721,877,872,1607,1717,0
1971,1970,1969,1968,349,345,0
1189,1972,1973,1975,1974,1188,0
1505,1125,1121,1976,1503,0
1977,1475,460,464,0
1979,1360,1358,1978,0
830,1980,1255,1252,765,764,0
1982,1088,1085,1981,0
1065,1899,1301,1303,1983,1069,0
1986,1985,839,837,1388,1984,0
1173,1172,1973,1972,1988,1987,0
1319,1267,749,750,679,677,0
1991,1990,1989,1429,846,849,0
1351,1992,1994,1993,1350,0
1320,864,863,1995,1318,0
1397,1727,1726,359,362,1996,1395,0
1999,373,374,1997,1998,0
1960,2001,2000,314,316,1170,1168,0
2005,2004,2002,896,895,2003,0
481,2007,2006,39,37,479,0
2008,756,757,1365,1317,1315,0
1427,1429,1989,795,794,0
2010,2009,93,94,0
2011,1824,1101,612,611,0
934,1601,1185,173,172,935,0
1165,1195,1193,2012,1159,0
2013,1411,1409,1934,1933,0
1898,1739,126,128,1302,0
878,769,773,2014,0
2016,103,101,1204,1203,428,433,2015,0
2018,2017,1278,1277,1304,0
1387,2019,2022,2021,2020,1984,1388,0
2024,1434,1432,2023,0
2029,2026,2027,2025,2028,338,335,0
2034,2032,815,817,2033,2030,2031,0
1270,191,193,1662,2035,2036,1821,0
2034,2031,244,241,1641,1642,2038,2037,0
1457,1570,1567,2039,1455,0
1882,1187,1186,1701,1702,2041,2040,0
2042,1956,1953,1223,1225,0
2043,2016,2015,1244,1245,0
1460,700,696,807,804,0
2044,1269,356,354,0
2046,2045,2028,2025,0
2050,2047,838,840,2049,2048,0
2052,1958,1961,2051,1412,1415,0
2054,2053,1250,1254,1161,1160,0
777,100,99,2055,163,162,0
2052,2056,1959,1958,0
861,2057,1239,1237,1447,857,0
1611,2058,2059,1614,0
1470,2060,606,605,2061,1468,0
2023,1432,1436,2062,1751,1752,0
2065,2064,1370,1368,2063,0
1230,2066,2067,2068,1328,1228,0
2069,1343,1339,127,129,0
1880,2071,2070,1878,0
2068,2067,2073,2075,2074,2072,0
1039,1037,1312,323,324,0
1390,761,759,1572,805,806,0
652,1235,1233,2076,2077,654,0
1991,849,848,2078,1600,1598,931,930,0
821,1441,1439,2033,817,0
386,383,1389,697,693,2079,2080,0
2082,2081,551,550,780,0
2085,2084,1502,1504,2083,0
802,2086,2089,2087,2088,801,0
1921,242,240,1294,2090,1376,1377,0
1205,1379,1381,1453,432,428,1203,0
496,2094,2092,2091,2093,491,0
1858,1857,69,70,808,809,0
2013,1933,1362,1363,1384,1385,2088,2087,0
1900,2095,1640,179,180,1448,0
2043,1245,1248,1484,2097,2096,0
709,710,1784,1783,1119,1120,0
1380,1862,48,49,1454,1378,0
1292,570,571,2098,1332,1333,1888,1885,0
2100,2099,387,386,2080,0
2106,2105,2103,2101,2104,2102,0
1508,412,415,1501,1503,1976,1509,0
1285,2107,736,737,1221,1286,0
2109,158,152,1371,2108,0
201,204,1465,2110,2111,0
472,2113,2112,1525,467,0
2117,2114,2115,2116,1491,1490,0
2120,2118,2119,320,325,1314,0
813,728,411,407,1414,812,0
2074,745,744,156,154,2121,2072,0
1653,1393,1392,2124,2122,2123,1981,1085,1084,0
1827,1920,746,420,422,0
1985,1531,1530,982,535,537,839,0
2009,1846,1847,789,791,1422,2125,97,93,0
893,2127,2126,529,531,0
1220,1798,1797,2128,1140,1139,1286,1221,0
2117,824,823,2114,0
533,530,980,982,1530,1532,1590,1589,0
1697,83,82,402,1861,1700,0
1746,1744,2130,2129,1539,1541,0
2134,2131,2133,2132,1298,1299,0
1222,186,187,358,1613,1614,2059,0
344,6,4,1498,342,0
1314,1313,1416,1418,2120,0
1918,63,65,398,1354,1356,0
1212,1209,1551,448,449,869,870,1951,0
1012,1009,2135,246,245,1527,0
1323,2136,1506,1509,1976,1121,1124,0
390,392,915,916,1405,0
2063,1368,1369,2137,2138,1099,1100,0
2140,2139,446,447,680,676,0
1401,2141,1518,874,876,1963,1403,0
1620,2122,2124,400,62,66,733,0
413,412,1508,1496,1494,892,888,0
2014,773,771,2142,478,479,37,41,0
427,425,1373,850,845,1428,1489,2143,0
547,2144,2145,1058,1060,549,0
280,276,459,461,1473,2146,0
685,365,368,2147,1424,1426,0
1790,226,228,1481,2148,194,196,0
826,828,2149,1519,1522,0
1896,1559,1560,2150,2151,1895,0
517,512,929,474,475,0
1402,626,625,1915,1151,1152,2152,0
395,396,1253,1251,1049,0
2049,840,536,538,2153,1534,1536,0
1592,541,544,987,1591,0
1265,2154,2155,492,494,0
51,2156,1456,1454,49,0
450,1552,678,680,447,0
1466,2157,1372,1374,2110,1465,0
985,1582,1330,1332,2098,986,0
2089,2086,1581,1583,2158,1408,1407,0
2160,2159,1477,1478,0
885,886,2161,1476,0
1925,658,662,1616,2162,0
1556,1445,1444,2145,2144,500,499,1555,0
1417,1419,389,391,0
1515,1513,165,167,2097,1484,946,945,0
2163,842,843,1463,1464,0
1138,1134,1949,1782,346,349,1968,0
1932,1930,429,432,1453,1455,2039,0
79,1887,1528,1529,2093,2091,80,0
499,502,642,1553,1555,0
887,1586,2164,2165,2161,886,0
1433,1435,616,615,2166,0
1431,767,765,1252,1253,396,394,0
181,2167,555,552,860,858,182,0
873,1442,913,914,1963,876,0
2032,908,277,280,2146,820,815,0
1467,200,205,922,1599,1600,2078,0
106,2168,1978,1358,1359,104,0
1492,1338,1336,2169,0
1907,1904,1459,72,74,451,446,2139,0
379,382,1427,794,796,0
1944,2158,1583,984,331,329,1945,0
1068,1069,1983,554,555,2167,0
1931,1566,933,935,172,170,0
1053,581,578,1792,1355,0
261,940,941,1514,889,892,1494,262,0
1990,1568,1569,798,795,1989,0
542,541,1592,968,966,2150,1560,1561,0
1556,855,852,911,912,1445,0
399,400,2124,1392,1391,0
1604,2148,1481,928,516,514,0
1678,1482,1480,2170,1128,1127,0
519,164,165,1513,1514,941,522,0
50,1452,797,799,2156,51,0
1046,1047,1180,661,659,0
1612,1995,863,690,687,1609,0
1043,1664,1665,2125,1422,1042,0
118,119,1461,1463,843,0
1635,2168,106,109,2171,1633,0
1234,587,589,1564,1565,2172,2076,1233,0
416,1590,1532,414,0
1266,1264,868,866,71,73,0
1834,1695,1585,1029,1030,2173,0
1967,1261,371,375,1699,1698,2174,0
862,859,1493,1624,1622,1544,1546,0
2104,2101,1950,867,871,1516,0
476,477,2165,2164,0
1886,1548,1010,1012,1527,1526,0
543,2176,900,901,2175,1511,1510,545,0
1681,983,980,530,529,2126,0
1766,574,576,1549,1331,1329,0
1396,1041,1040,905,904,0
2054,1160,1159,2012,1018,1019,0
1485,1487,1545,1544,1622,0
2017,1855,1537,1079,1076,1273,1278,0
897,272,274,485,483,1749,0
437,438,2177,2178,0
2094,1732,1733,998,999,2179,2092,0
997,495,491,2093,1529,0
1288,1289,1926,1243,1242,698,694,0
175,169,674,671,311,309,0
1938,1280,1281,1495,1507,2180,0
1014,1383,970,971,114,111,0
1226,1224,1625,273,275,0
1668,717,713,466,468,0
936,729,726,1376,2090,0
9,10,1759,1602,0
290,291,1557,1558,1067,0
835,836,2180,1507,1506,2136,0
1892,1692,1694,673,675,1597,924,923,0
1722,2181,1562,1564,589,590,0
2112,1284,54,55,7,11,1525,0
2010,94,96,1579,1730,561,557,0
922,924,1597,1599,0
899,900,2176,289,292,1639,0
1510,730,727,937,540,545,0
1996,1523,1524,1044,1041,1396,1395,0
1534,2153,2182,1723,1078,1077,0
417,1533,2083,1504,1501,415,0
1075,1070,1017,1020,1650,1757,1753,0
1774,1050,1051,641,638,1705,1704,1772,0
351,1182,90,89,2183,1027,1023,1596,1594,352,0
1966,1584,503,501,548,0
1740,1770,1789,198,195,1741,0
462,463,1518,2141,2152,1152,0
844,842,2163,1767,973,974,2184,0
372,85,83,1697,1699,375,0
963,964,1667,1668,468,470,0
332,327,986,2098,571,573,1713,0
1738,2151,2150,966,148,146,0
1694,1081,1080,672,673,0
26,2186,2185,1652,1654,1711,27,0
1763,1764,1126,1128,2170,0
401,399,1391,1002,1004,1458,0
951,954,1634,1633,2171,2187,0
899,1639,1638,2035,1662,902,0
703,1796,1800,1201,1199,1090,705,0
297,298,2188,1832,1831,0
2081,920,918,1623,1624,1493,553,551,0
722,1788,2189,719,0
1106,1554,1553,642,645,1108,0
1914,2190,1658,618,620,0
1718,1720,2191,436,434,0
1722,206,201,2111,2181,0
1795,594,595,1719,1718,434,437,2178,0
1780,2192,2193,2194,979,24,23,0
1607,1608,2195,2191,1720,1717,0
1994,1992,1542,601,598,1171,0
1760,58,59,1715,1758,0
1074,1071,15,17,1706,0
1670,251,249,577,506,510,1632,0
2053,640,641,1051,1049,1251,1250,0
1310,1647,1512,1511,2175,1309,0
1084,1086,1712,1651,1653,0
721,723,1154,1156,1916,0
1247,430,429,1930,171,174,1618,1619,0
532,533,1589,890,0
449,451,74,71,866,869,0
584,582,1649,1636,453,455,2196,0
1001,1646,2187,2171,109,105,0
1573,1574,565,564,1731,2197,0
1874,1873,1177,1175,1785,1787,0
257,258,952,951,2187,1646,1645,0
2041,1702,938,936,2090,1294,1293,0
576,577,249,250,1550,1549,0
1015,112,115,1743,2198,0
1194,1192,1576,1578,1032,1035,0
28,998,1733,1628,1629,1815,1814,29,0
619,2199,2189,1788,1748,1115,622,0
326,320,2119,1737,1736,0
199,194,2148,1604,1605,2200,0
486,1754,1757,1650,264,266,484,0
519,523,1240,166,164,0
197,295,299,1741,195,0
1056,1058,2145,1444,1446,1725,2201,0
149,150,321,326,1736,0
2105,1587,1588,2202,1497,3,2,2103,0
988,2102,2104,1516,1517,989,0
1760,12,7,55,58,0
2198,1743,1742,1630,509,507,0
197,199,2200,2188,298,295,0
515,517,475,476,2164,1586,0
13,1603,961,962,8,0
1620,1423,1421,2123,2122,0
1774,1775,393,397,1050,0
1826,829,826,1522,1521,0
1943,1146,1087,1082,2203,562,560,1941,0
1979,1978,2168,1635,1636,1649,1648,0
1714,57,60,1140,2128,2204,0
261,263,1279,942,940,0
539,1671,2182,2153,538,0
2163,1464,1462,1768,1767,0
1072,1075,1753,1756,0
1998,1997,1111,1113,1906,1905,2205,2206,0
1819,367,364,1132,1259,0
1612,1613,358,355,1318,1995,0
1595,1596,1023,1025,1658,2190,0
312,313,1723,2182,1671,959,0
1123,1119,1783,1786,317,315,2207,0
388,384,1656,955,952,258,255,0
2154,1265,1266,73,69,1857,1859,0
1822,1410,1408,2158,1944,1942,0
1903,2208,667,668,969,967,1902,0
1231,1229,1879,1300,1298,2132,0
46,1684,1686,1148,1147,42,0
1131,682,683,1848,1682,0
1860,1765,1763,2170,1480,1479,0
2127,947,948,1680,1681,2126,0
1778,1779,2209,188,183,735,469,465,0
2080,2079,1660,1661,2100,0
567,568,254,257,1645,0
663,1149,1150,1853,660,0
1669,1670,1632,1631,0
81,2179,999,1000,75,0
1971,345,347,1593,1811,1812,2210,0
958,960,1680,948,944,1483,1617,0
2211,1274,1276,1693,1889,1236,1232,0
1816,2186,26,29,1814,0
1866,2212,1059,1056,2201,1867,0
410,409,1647,1310,286,284,1959,2056,0
455,456,979,2194,1675,1672,2196,0
2172,1565,1563,1810,1809,0
1842,1841,2213,1728,1730,1579,1580,0
1673,1675,2194,2193,0
1870,1871,1055,1057,2021,2022,0
1679,1677,1621,926,927,0
1425,1424,2147,1709,1710,2214,0
1003,1006,1815,1629,1627,0
789,1847,563,562,2203,793,0
827,133,136,617,1850,2149,828,0
16,18,1773,1772,1704,0
89,92,2215,2183,0
168,1690,776,777,162,0
67,61,656,1096,1098,734,0
1901,740,742,1708,1818,1820,0
956,457,454,1634,954,0
1063,1064,1893,1499,1497,2202,0
1642,439,436,2191,2195,2038,0
1809,1183,1184,2077,2076,2172,0
1024,1027,2183,2215,0
252,253,1062,1063,2202,1588,0
996,994,1724,1543,1539,2129,0
918,919,2216,1486,1488,1623,0
1262,1260,1094,1095,1114,1112,0
1218,715,718,1762,1216,0
1162,1164,2213,1841,1844,0
1707,1021,1017,1070,1074,1706,0
1905,1907,2139,2140,2205,0
1043,1044,1524,1520,1663,1664,0
1808,471,466,713,716,0
664,1676,1045,1046,659,0
1886,1888,1333,1334,1548,0
178,182,858,857,1447,0
2099,2100,1661,1282,1283,1937,0
1325,1326,2121,154,155,2217,0
684,2064,2065,1143,1144,1848,683,0
1200,1201,1800,1801,2218,0
1750,487,484,266,267,0
1678,1679,927,925,1482,0
583,584,2196,1672,1674,1853,1150,0
651,653,1884,1306,1275,1274,2211,0
632,592,596,1940,1865,629,0
1561,1557,291,289,2176,543,542,0
1241,1243,1926,1734,1689,0
632,635,1719,595,592,0
209,211,1048,1673,2193,2192,1877,0
317,1786,1785,1175,1178,319,0
363,359,1726,1097,1099,2138,0
813,814,1375,725,728,0
1928,613,614,1728,2213,1164,1163,0
368,369,1818,1708,1709,2147,0
1891,991,992,588,586,1890,0
1729,1823,1822,1942,1941,560,558,0
1803,1805,1038,1039,324,322,0
1386,1766,1329,800,801,2088,1385,0
1093,778,776,1690,1691,0
1856,1854,2219,2220,1946,218,215,0
174,175,309,308,1618,0
699,943,939,1660,2079,693,0
1109,1105,1912,1962,856,854,0
1902,967,965,1591,987,528,526,0
1363,975,970,1383,1384,0
2044,354,184,188,2209,1964,1965,0
1816,1817,2185,2186,0
1220,1222,2059,2058,2218,1801,1798,0
1830,1198,1197,1939,691,689,0
1908,1906,1113,1110,1735,1927,0
1836,1364,139,142,2221,1838,0
1137,303,307,1946,2220,1910,1136,0
600,603,1036,1038,1805,1804,0
1352,1349,1745,1746,1541,1540,0
1218,1219,1776,1777,1808,716,715,0
2198,507,508,575,1016,1015,0
627,1913,724,721,1916,624,0
646,504,498,1206,2210,1812,0
1606,1696,1832,2188,2200,1605,0
143,1214,1474,1472,2221,142,0
572,76,75,1000,25,27,1711,0
1970,1207,1208,304,301,1969,0
704,702,1716,1714,2204,1852,1851,0
1974,2208,1903,1703,1701,1186,1188,0
161,159,1176,1177,1873,1872,0
619,623,1659,2199,0
1580,1576,1192,1191,1843,1842,0
78,1292,1885,1887,79,0
1258,1685,1684,46,47,1257,0
86,87,978,1964,2209,1779,0
486,488,1626,1755,1754,0
1996,362,361,1826,1521,1523,0
754,755,2222,1947,0
376,1262,1112,1111,1997,374,0
607,608,1028,882,884,1477,2159,0
2106,2102,988,990,247,246,2135,0
1022,1018,2012,1193,268,265,0
2224,2223,1828,1829,341,343,0
1382,1379,1205,300,297,1831,1833,2225,0
995,2130,1744,32,34,993,0
711,1874,1787,1784,710,0
337,1317,1365,334,0
756,2008,2222,755,0
1089,1769,1828,2223,1091,0
1987,2226,1993,1994,1171,1173,0
1781,1321,1122,1123,2207,1876,1875,0
864,1320,1319,677,678,1552,865,0
1807,1803,322,321,150,151,669,0
1397,1398,731,732,1727,0
2042,1225,1226,275,271,896,2002,2227,0
782,556,554,1983,1303,0
1575,1858,809,805,1572,0
688,1210,340,341,1829,1830,689,0
1181,2228,285,287,2162,1616,1179,0
2226,1987,1988,1881,221,223,0
2000,212,207,1876,2207,315,314,0
214,217,648,649,1868,0
1153,1151,1915,1917,2027,2026,0
609,1864,2173,1030,1028,608,0
2018,1304,1307,1910,2220,2219,0
1780,1781,1875,1877,2192,0
1833,1834,2173,1864,1863,2225,0
2045,2229,1316,336,338,2028,0
1845,19,15,1071,1073,0
2206,2205,2140,676,681,1761,0
237,238,1782,1949,0
1791,1789,1770,1771,1967,2174,0
2051,1794,1795,2178,2177,1957,1413,1412,0
2000,2001,2230,210,212,0
95,97,2125,1665,1577,0
903,1311,1309,2175,901,0
1100,1096,656,657,1143,2065,2063,0
1305,1306,1884,1883,1909,0
663,665,45,42,1147,1149,0
1102,1103,1823,1729,0
1406,1420,1417,391,390,1405,0
1401,1402,2152,2141,0
1924,1839,1840,190,192,1271,44,43,0
2062,2003,895,897,1749,1751,0
1802,1852,2204,2128,1797,0
2020,2021,1057,1059,2212,125,122,1346,0
124,125,2212,1866,1865,1940,0
1158,1155,2229,2045,2046,0
1169,1170,316,318,1793,0
1954,2073,2067,2066,2133,2131,232,233,0
1977,464,458,1153,2026,2029,1835,1837,0
2029,335,333,1364,1836,1835,0
1351,1352,1540,1542,1992,0
293,1068,2167,181,177,0
847,2157,1466,1467,2078,848,0
2005,2003,2062,1436,1433,2166,0
1790,1791,2174,1698,225,226,0
1931,1932,2039,1567,1566,0
1239,2057,1547,38,35,0
1570,1457,1456,2156,799,798,1569,0
1687,585,580,1148,1686,0
1990,1991,930,932,1568,0
403,404,1776,1219,1217,0
385,758,761,1390,1389,383,0
1850,1666,1663,1520,1519,2149,0
2224,343,342,1498,1500,1894,0
1440,1438,2232,1295,1296,2231,0
1934,1409,441,443,831,1935,0
1106,1109,854,851,1554,0
2015,433,431,1244,0
1327,2142,771,774,1879,1229,1227,0
1960,288,285,2228,2230,2001,0
788,784,2069,129,130,1737,2119,2118,0
2006,2007,2233,2214,1710,738,741,0
1271,1272,1819,1259,1257,47,44,0
223,220,1437,1353,1350,1993,2226,0
2048,1535,1538,1856,215,216,2050,0
1157,1158,2046,2025,2027,1917,0
219,214,1868,1870,2022,2019,2234,0
1258,1133,1130,1685,0
700,1460,1287,1288,694,0
1643,1957,2177,438,435,0
1174,1806,1807,669,666,1975,1973,1172,0
630,1867,2201,1725,636,0
1470,1471,1451,1450,2060,0
1117,1118,1443,1442,873,875,0
328,332,1713,1712,1086,1083,0
1255,1980,2235,2236,1249,0
157,1919,2237,2137,1369,153,0
1952,1950,2101,2103,2,5,0
2096,2097,167,163,2055,0
703,704,1851,1799,1796,0
707,2238,1345,160,161,1872,708,0
2011,611,613,1928,1256,1249,2236,0
1999,751,753,977,370,373,0
2051,1961,1167,1166,1794,0
1922,1935,831,763,766,0
2017,2018,2219,1854,1855,0
1951,1952,5,1,1211,1212,0
1752,1750,267,269,2024,2023,0
1966,650,302,305,1584,0
1896,1897,1066,1067,1558,1559,0
1439,1440,2231,2030,2033,0
627,628,1399,1962,1912,1913,0
2050,216,219,2234,2047,0
1234,1236,1889,1890,586,587,0
2113,2107,1285,1284,2112,0
1970,1971,2210,1206,1207,0
1688,1849,1357,1355,1792,1683,0
360,363,2138,2137,2237,1825,0
1739,1898,1895,2151,1738,0
976,768,762,1430,2184,974,0
1923,1657,834,832,2239,0
1141,1918,1356,1357,1849,1145,0
1137,1138,1968,1969,301,303,0
2071,879,880,1486,2216,2070,0
101,102,296,294,1204,0
877,1721,631,634,1117,875,0
1238,40,39,2006,741,739,1449,0
688,692,1551,1209,1210,0
1640,2095,2036,2035,1638,0
1343,2069,784,786,1341,0
2127,893,891,949,947,0
1200,2218,2058,1611,1615,1202,0
1324,1322,22,20,1637,1923,2239,0
270,1194,1035,1031,1434,2024,269,0
760,259,254,568,565,1574,0
1411,2013,2087,2089,1407,0
819,820,2146,1473,1474,1214,0
2211,1232,1235,652,651,0
2085,2083,1533,1531,1985,1986,2240,0
1929,1348,1353,1437,1441,821,818,0
2155,2197,1731,1732,2094,496,492,0
1900,1901,1820,1821,2036,2095,0
1920,1827,1825,2237,1919,0
1380,1382,2225,1863,1862,0
1491,2116,2143,1489,0
1943,1945,329,330,1146,0
1007,1394,1652,2185,1817,1005,0
655,68,64,1142,0
1974,1975,666,667,2208,0
2071,1880,770,772,879,0
2113,472,469,735,736,2107,0
894,1515,945,949,891,0
442,445,2235,1980,830,0
1246,1247,1619,1617,1483,0
351,353,654,2077,1184,1182,0
1290,1291,1459,1904,1908,1927,0
81,80,2091,2092,2179,0
1936,1655,1656,384,387,2099,1937,0
1366,1370,2064,684,685,1426,0
1982,1981,2123,1421,790,792,0
847,850,1373,1372,2157,0
824,2117,1490,380,381,0
2217,480,478,2142,1327,1325,0
50,52,606,2060,1450,1452,0
2109,2108,2233,2007,481,482,0
802,803,1330,1582,1581,2086,0
1891,1892,923,921,991,0
1929,1747,1745,1349,1348,0
1189,1190,1881,1988,1972,0
2074,2075,1337,747,745,0
1347,1345,2238,2084,2085,2240,0
385,388,255,256,758,0
1360,1979,1648,1052,1054,0
239,1911,1909,1883,235,0
2004,135,137,1492,2169,2227,2002,0
787,788,2118,2120,1418,0
878,2014,41,36,1545,1487,881,0
2040,2232,1438,222,224,1882,0
2105,2106,2135,1009,1008,1587,0
1346,1347,2240,1986,1984,2020,0
1387,841,838,2047,2234,2019,0
1914,1813,1811,1593,1595,2190,0
6,344,339,1211,1,0
2081,2082,1404,917,920,0
861,862,1546,1547,2057,0
2053,2054,1019,637,640,0
120,844,2184,1430,116,0
2048,2049,1536,1535,0
1936,1938,2180,836,833,1655,0
1174,604,600,1804,1806,0
1195,1165,1162,1844,1843,1191,0
1644,1921,1377,1375,814,810,0
1328,2068,2072,2121,1326,0
243,244,2031,2030,2231,1296,0
1899,1065,1066,1897,0
822,825,1451,1471,1469,0
426,427,2143,2116,2115,0
2009,2010,557,559,1846,0
1323,1324,2239,832,835,2136,0
227,229,1700,1861,1860,1479,0
546,549,1060,1055,1871,1869,0
1125,1505,706,709,1120,0
1601,934,931,1598,0
995,996,2129,2130,0
2016,2043,2096,2055,99,103,0
707,712,1502,2084,2238,0
2131,2134,230,232,0
1859,1571,1573,2197,2155,2154,0
1954,1955,1335,1337,2075,2073,0
158,2109,482,480,2217,155,0
1475,1977,1837,1838,2221,1472,0
1924,1925,2162,287,282,1839,0
1824,2011,2236,2235,445,444,0
1181,213,210,2230,2228,0
144,1948,30,33,138,0
2056,2052,1415,408,410,0
1367,1425,2214,2233,2108,1371,0
547,505,500,2144,0
1230,1231,2132,2133,2066,0
2206,1761,748,751,1999,1998,0
827,423,419,134,133,0
2040,2041,1293,1295,2232,0
1269,2044,1965,1268,0
909,910,2037,2038,2195,1608,0
1342,1344,1404,2082,780,781,0
2004,2005,2166,615,132,135,0
1088,1982,792,793,2203,1082,0
1956,2042,2227,2169,1336,1335,1955,0
2159,2160,2061,605,607,0
783,131,127,1339,1342,781,0
2032,2034,2037,910,908,0
