8,2,5,3,1,4,7,6,0
12,11,10,9,0
18,13,17,14,15,16,0
23,21,19,22,20,0
31,27,26,29,24,28,30,25,0
37,35,34,32,36,33,0
42,41,40,38,39,0
48,47,43,46,45,44,0
54,51,53,50,52,49,0
58,57,55,56,0
65,59,64,63,62,60,61,0
70,69,68,66,67,0
75,74,71,72,73,0
81,79,77,80,78,76,0
87,86,82,84,85,83,0
93,89,88,90,92,91,0
99,98,95,96,97,94,0
103,102,100,101,22,19,0
110,106,108,105,109,107,104,0
115,111,114,113,112,0
121,116,120,118,117,119,0
125,124,123,122,0
130,128,126,129,127,0
136,132,135,134,131,133,0
142,137,140,138,141,139,0
149,143,144,148,147,146,145,0
154,152,151,153,150,0
160,157,159,156,158,155,0
166,162,165,163,164,161,0
172,171,169,167,170,168,0
177,174,176,175,173,0
183,182,181,178,179,180,0
189,185,188,187,184,186,0
196,190,195,193,191,194,192,0
202,201,199,198,200,197,0
207,206,204,205,203,0
214,212,208,213,209,210,211,0
220,219,216,218,215,217,0
225,223,221,224,222,0
230,229,228,226,227,0
236,235,233,234,232,231,0
240,239,54,49,238,237,0
246,244,241,245,243,242,0
251,250,247,249,248,0
257,253,256,254,255,252,0
264,260,259,263,262,258,261,0
268,266,265,261,258,267,0
274,270,273,272,271,269,0
280,278,277,279,276,275,0
287,284,281,285,282,286,283,0
292,290,168,170,288,291,289,0
297,296,295,293,294,0
303,299,302,301,298,300,0
310,308,304,309,305,307,306,0
316,311,314,313,315,312,0
322,321,319,320,318,317,0
326,323,325,324,197,200,0
332,327,329,328,331,330,0
274,333,334,337,335,336,270,0
341,340,338,339,0
347,345,344,346,343,342,0
353,349,351,350,352,348,0
359,356,354,357,358,355,0
366,364,360,363,365,362,361,0
373,371,370,372,367,369,368,0
378,375,376,377,374,0
385,383,379,381,380,384,382,0
391,386,388,389,390,387,0
397,393,396,394,395,392,0
403,402,400,399,398,401,0
407,406,404,405,0
412,409,411,410,408,0
207,203,415,416,413,414,0
421,420,419,418,417,0
426,425,423,422,424,0
432,430,429,428,431,427,0
187,436,435,434,433,184,0
441,439,438,440,437,0
446,444,445,442,443,0
451,450,447,449,448,0
456,454,455,453,452,0
460,458,457,459,0
465,464,463,461,462,0
469,466,468,79,81,467,0
160,155,473,472,471,470,0
477,476,475,474,0
482,480,481,479,478,0
485,484,294,293,483,0
492,486,488,491,489,487,490,0
497,496,493,494,495,0
502,501,498,500,499,0
508,504,507,506,503,505,0
230,227,512,511,509,510,0
520,513,515,518,514,517,519,516,0
459,457,523,525,522,524,521,0
529,528,317,318,527,526,0
534,532,531,533,530,0
541,540,536,535,539,537,538,0
543,42,39,542,0
549,547,545,548,546,544,0
554,551,550,552,163,165,553,0
558,557,556,555,0
564,563,560,559,561,562,0
569,568,567,565,566,0
574,572,573,571,570,0
580,577,575,579,576,578,0
586,584,581,585,582,583,0
590,63,64,587,588,589,0
596,592,593,594,591,595,0
601,600,598,597,599,0
605,603,604,602,0
611,606,609,608,610,607,0
618,612,617,616,615,613,614,0
625,619,624,622,621,623,620,0
632,626,631,630,628,629,627,0
638,637,635,636,634,633,0
642,641,640,581,584,639,0
375,643,646,645,644,376,0
8,649,650,647,648,2,0
654,652,653,651,88,89,0
659,658,656,655,657,0
664,662,661,663,660,0
668,667,666,665,15,14,0
674,673,671,669,672,670,0
679,678,677,676,675,0
685,683,681,680,682,684,0
691,690,688,687,689,686,0
695,364,366,693,692,694,0
699,698,697,309,304,696,0
704,702,700,703,701,0
349,705,709,708,707,706,710,351,0
714,712,713,25,30,711,0
719,717,716,718,715,0
724,722,723,721,461,463,720,0
730,726,729,727,725,728,0
737,735,733,732,734,731,736,0
741,215,218,740,739,738,0
746,744,745,743,742,0
752,747,750,749,748,751,0
758,757,755,753,756,754,0
763,760,762,761,759,0
768,767,765,764,766,0
775,770,774,772,773,771,769,0
74,779,778,777,776,71,0
783,782,408,410,780,781,0
787,786,754,756,785,784,0
352,789,94,97,788,348,0
792,791,790,50,53,0
794,793,52,50,790,0
801,797,798,796,800,799,795,0
807,802,804,803,806,805,0
812,809,811,810,808,183,180,0
80,77,815,718,716,813,814,0
473,155,158,817,818,816,0
824,823,822,821,819,820,0
532,827,829,828,826,825,531,0
262,832,830,833,831,267,258,0
837,835,836,834,433,434,0
844,839,842,841,838,843,840,0
850,848,845,847,849,846,0
856,854,851,852,855,853,0
861,811,809,857,858,860,859,0
595,591,865,863,862,864,0
870,868,867,866,869,0
875,872,874,873,871,0
882,877,876,881,879,880,878,0
888,885,884,887,886,883,0
893,891,892,890,889,0
895,495,494,894,422,423,0
901,897,899,898,900,896,0
905,902,904,437,440,903,0
254,908,906,907,909,255,0
559,912,910,913,911,561,0
918,916,917,915,914,0
923,921,919,922,920,0
927,924,925,4,1,926,0
934,931,929,932,933,930,928,0
940,939,935,936,938,937,0
947,946,943,941,945,942,944,0
953,948,950,952,951,949,0
958,955,956,954,957,0
120,116,960,959,961,0
888,962,682,680,885,0
967,966,963,965,964,0
972,970,968,971,969,0
347,342,975,974,977,976,973,0
984,981,983,979,980,982,978,0
991,987,985,988,986,990,989,0
994,965,963,993,726,730,992,0
1000,997,995,999,996,998,0
1006,1002,1001,1005,1003,1004,0
1011,1010,1009,1007,1008,0
1013,148,144,1012,0
658,1016,1014,1015,470,471,1017,656,0
1020,1019,1018,306,307,0
1022,1021,415,203,205,507,504,0
1025,1023,1024,248,249,0
714,1028,1029,1027,1026,712,0
1034,1033,1032,1030,1031,0
336,1035,579,575,273,270,0
1040,1038,1037,1039,1036,0
1045,1042,1027,1029,1044,1043,1041,0
1052,1050,1048,1049,1046,1051,1047,0
1056,1054,1055,1053,0
1062,1059,1057,1061,1058,1060,0
1065,1064,526,527,1063,0
286,1067,1066,552,550,283,0
1074,1069,1073,1072,1070,1071,1068,0
149,1076,1075,143,0
1081,1080,1077,1079,1078,0
1087,1085,1084,1086,1082,1083,0
1090,1088,539,535,1089,129,126,0
664,660,1094,1092,1091,1093,0
1099,1095,1096,1098,1097,0
1104,1102,1103,1101,1100,0
135,132,1105,1106,1109,1108,1107,0
1115,1113,1111,1112,1114,1110,0
1120,1119,1117,1118,1116,281,284,0
1124,1123,1122,858,857,1121,0
1128,1127,1125,1126,265,266,0
1130,110,104,1129,0
1134,1132,1131,90,88,651,1133,0
1139,1137,1136,1138,1135,0
1145,1144,1140,1143,1142,1141,0
1149,1147,1148,1146,1083,1082,0
641,1154,1152,1153,1151,1155,1156,1150,640,0
1162,1160,1159,1161,1158,1157,0
611,1164,1163,606,0
47,1167,1166,1165,1000,998,43,0
1173,1170,1172,1171,1168,1169,0
1178,1176,1175,1177,1174,0
1183,1182,1179,1181,1180,0
1186,1184,515,513,1185,0
1190,1189,1187,92,90,1131,1188,0
1197,1195,1194,1196,1192,1193,1191,0
142,1199,1198,1200,1091,1092,137,0
635,1201,1203,1202,1205,1204,636,0
220,217,1209,1208,1207,1206,0
820,1210,84,82,824,0
1213,99,94,789,1211,1212,0
1217,1214,232,234,1216,1215,0
1222,1219,1221,1220,1218,0
1224,617,612,1223,954,956,0
1230,1228,1226,1229,1227,1225,0
1233,73,72,1232,1231,5,2,648,0
520,1235,1234,1185,513,0
1239,1238,1236,1169,1168,1237,0
1242,1240,417,418,1241,0
1045,1243,61,60,1244,1042,0
292,1246,1245,1247,290,0
632,1250,1248,1249,626,0
1254,1253,1251,1252,0
1260,1257,1255,1256,1259,1258,0
1265,1264,723,722,1261,1262,1263,0
1269,1268,1266,1267,0
1274,1270,1272,1271,1273,201,202,0
1280,1279,1275,1277,1278,1276,0
1284,1282,95,98,1283,1281,0
774,770,1285,1288,1287,1286,0
1293,1290,1292,1291,1289,0
1173,674,670,1295,1294,1170,0
949,1296,1299,1297,1298,953,0
1303,1300,17,13,1302,1301,0
1308,1305,1306,1307,1304,0
1315,1311,1313,1314,1312,1309,1310,0
1321,1319,420,421,1317,1320,1316,1318,0
195,1322,687,688,193,0
125,122,1326,1324,1325,1323,368,369,0
1330,332,330,1329,1328,1327,0
1330,1327,1332,747,752,1331,0
1334,31,25,713,1333,0
1339,1336,1338,1337,1335,0
785,1340,1342,1341,784,0
1345,1343,1344,407,405,0
189,800,796,1346,185,0
1352,1348,1351,1347,1350,1349,0
385,1355,1356,1353,1354,383,0
188,185,1346,1358,1357,1359,213,208,0
1363,1362,1361,1360,211,210,0
1366,1365,445,444,1364,0
1370,1369,1367,1368,0
1375,1372,1373,1374,1371,759,761,0
1378,1363,210,209,1376,1377,0
1381,1379,1380,803,804,0
1386,1384,359,355,1383,1382,1245,1246,1385,0
1282,1387,431,428,1388,96,95,0
1392,1391,1390,818,817,1389,0
1397,1396,1393,1394,1395,0
1400,1398,1399,1377,1376,0
1176,1402,400,402,1403,1401,1175,0
1408,1406,1407,1404,1405,0
801,795,834,836,1409,1410,240,237,0
1412,975,342,343,1411,0
702,1414,1413,825,826,700,0
321,1415,1416,1419,1418,1417,319,0
1422,1421,1420,204,206,0
225,222,871,873,1425,1424,1423,0
1431,1429,1426,1428,1430,1427,0
854,1432,1433,1435,1434,851,0
1441,1438,1436,1440,1439,1437,0
1446,1443,1445,380,381,1442,1444,0
1449,709,705,1447,1448,0
823,824,82,86,1452,1451,1450,0
863,1453,1454,1456,1455,862,0
113,1457,1458,855,852,1459,112,0
1021,1461,119,117,1460,416,415,0
1465,1464,1462,55,57,1463,0
1469,1468,1466,889,890,1467,0
1472,372,370,1471,1470,0
1476,1474,1475,905,903,1473,0
11,782,783,904,902,10,0
1480,1479,1478,876,877,1477,0
1484,1483,1482,498,501,1481,0
1488,1485,1487,1048,1050,1486,1314,1313,0
446,443,1491,1490,1489,0
1496,1495,1494,1493,403,401,1492,0
1498,153,151,1497,1277,1275,0
923,920,1499,1034,1031,1501,1500,0
141,138,1502,1503,1505,1504,0
1509,1197,1191,1508,1506,1507,0
1297,1433,1432,1512,1511,1510,1298,0
731,1516,1515,1513,1514,736,0
489,1517,1519,1518,883,886,487,0
23,20,1523,1309,1312,1522,1521,1520,0
1529,1528,1527,1524,1525,1526,0
1532,1531,874,872,1530,0
1536,1534,1533,1503,1502,1535,869,866,0
805,1539,1537,1538,1540,807,0
502,499,1370,1368,1541,945,941,0
859,1543,999,995,1542,861,0
496,1546,892,891,1544,1545,493,0
646,643,1547,1548,849,847,485,483,0
1552,821,822,1549,1551,1550,0
267,831,1555,1553,1554,268,0
1219,1557,1559,1556,1558,1221,0
791,1560,190,196,1561,794,790,0
313,1564,1562,1563,1565,315,0
564,562,492,490,1566,0
1141,1570,1569,1567,1568,1145,0
1574,523,457,458,1573,1571,1572,0
1577,299,303,1576,1542,995,997,1575,0
1580,1579,1578,894,494,493,1545,0
272,1581,1584,1582,1583,1585,271,0
1587,1586,1526,1525,1478,1479,0
1591,1589,1590,544,546,1588,0
1596,1595,1593,1592,1594,0
146,1599,1598,1597,1601,1600,145,0
157,1602,1603,1604,159,0
1379,1606,76,78,1605,1607,1380,0
1610,919,921,1608,1609,469,467,0
1038,1611,1612,1614,1613,1037,0
1618,1617,1615,1353,1356,1616,0
288,1121,857,809,812,291,0
1586,1619,937,938,1529,1526,0
1623,623,621,1620,1622,1621,0
109,105,1626,1624,856,853,1625,0
439,1627,1626,105,108,1628,438,0
1631,900,898,1629,1630,0
1635,1634,1632,1633,509,511,0
1639,1638,1637,1636,972,969,0
1051,1643,1640,1641,1642,1047,0
480,1644,1647,1645,1593,1595,1646,481,0
1094,660,663,1649,1648,1650,0
1652,164,163,552,1066,1651,0
624,619,839,844,917,916,1653,0
848,1654,1645,1647,1655,845,0
1658,597,598,1656,1657,177,173,0
1662,829,827,1659,1661,1660,0
1585,1664,1663,269,271,0
529,526,1064,1668,1667,1665,1666,0
1230,1225,1671,1669,335,337,1670,0
1676,1674,1672,1675,1673,0
1678,950,948,879,881,1677,0
970,1679,1680,1682,1681,968,0
1687,1685,1683,1686,1684,1065,1063,0
1633,1690,1688,1689,510,509,0
1694,1693,979,983,1691,1692,0
1698,1697,1696,543,542,1695,0
1701,1618,1616,1700,909,907,1699,0
1120,284,287,1702,990,986,0
1703,264,261,265,1126,0
1706,1705,1704,474,475,0
1707,1639,969,971,586,583,0
1712,1007,1009,1710,1708,1711,1709,0
1487,1714,1715,1713,1049,1048,0
1716,1116,1118,377,376,644,0
1719,1717,1718,1244,60,62,0
308,310,994,992,588,587,0
1481,1720,1722,1721,1484,0
929,931,1726,1725,1723,1724,0
1731,1729,1730,1727,1728,0
1732,580,578,936,935,0
1735,1733,1734,1114,1112,0
21,1146,1148,1736,103,19,0
1741,1738,1740,1739,1737,0
1745,1744,1743,1136,1137,906,908,1742,0
1224,956,955,1746,36,32,0
1747,1745,1742,1598,1599,0
1750,1748,1749,1041,1043,0
630,1752,1751,171,172,628,0
1755,1134,1133,1753,1754,0
1760,1756,1757,1758,1759,0
472,1761,1734,1733,1762,1017,471,0
1658,1765,1763,1764,599,597,0
1768,1767,447,450,1766,0
1074,1577,1575,1769,1069,0
536,540,1771,1440,1436,1770,0
1773,1580,1545,1544,1772,0
1776,1774,1775,601,599,1764,0
1779,1778,985,987,1777,0
1786,1783,1780,1781,1785,1784,1782,0
1789,1787,1788,518,515,1184,0
1793,1792,1791,684,682,962,1790,0
1798,1612,1611,1794,1795,1797,1796,0
1710,1009,1010,1799,1800,1802,1801,0
1805,1804,1109,1106,1803,0
1808,1807,1410,1409,1806,0
966,933,932,1809,993,963,0
1813,1812,1811,1810,1516,731,734,0
62,63,590,1496,1492,1719,0
1138,1814,1689,1688,1135,0
869,1535,1815,1650,1648,870,0
1819,1816,1818,1817,1057,1059,0
1824,1822,1823,29,26,1821,1820,0
1326,1826,1825,739,740,1324,0
1829,1828,1827,982,980,1740,1738,0
1774,1776,1006,1004,1830,0
1076,1831,1832,1698,1695,1075,0
393,1834,1833,1302,13,18,396,0
1060,1835,326,200,198,1062,0
1839,1838,1157,1158,1836,1837,0
1842,1840,1841,1295,670,672,0
1845,1843,1844,566,565,0
650,1156,1155,1846,647,0
645,295,296,1847,1848,1716,644,0
652,1849,1174,1177,653,0
1152,1850,654,89,93,1153,0
934,1852,1851,1726,931,0
1476,1854,1855,1853,1474,0
378,374,1205,1202,1856,1757,1756,0
574,570,1859,547,549,1858,1857,0
1862,1574,1572,1861,1860,0
1864,1419,1416,1863,0
1867,1866,1652,1651,1865,0
1166,1868,1073,1069,1769,1165,0
1217,1869,1262,1261,1214,0
567,1870,1871,1845,565,0
1208,1873,1874,604,603,1872,1207,0
1875,279,277,1563,1562,0
1293,1876,1078,1079,1290,0
746,742,1877,1232,72,71,776,0
124,1878,1879,1882,1881,1880,123,0
1887,1885,1883,1886,1884,0
1889,136,133,1888,0
128,594,593,1890,1090,126,0
1250,1383,355,358,1891,1248,0
629,1247,1245,1382,627,0
1623,1086,1084,620,623,0
1488,1892,1180,1181,1485,0
710,1893,1895,1894,350,351,0
1897,1392,1389,1896,679,675,0
737,1829,1738,1741,735,0
1113,1898,1899,554,553,1111,0
69,1900,1901,1903,1902,68,0
1907,1906,1904,1905,0
1875,1562,1564,1101,1103,1908,0
1912,1910,1911,1909,1890,593,592,0
1824,1260,1258,1913,325,323,1822,0
1918,1917,1916,1914,1915,0
767,1920,1919,1266,1268,765,0
409,1218,1220,1922,1921,411,0
1209,217,215,741,1923,1924,0
998,996,1506,1508,46,43,0
608,1140,1144,1925,610,0
1160,1926,1927,1929,1928,1159,0
1085,1930,1931,625,620,1084,0
1199,1932,1935,1933,1934,1198,0
1119,1937,633,634,1936,1117,0
361,362,1939,516,519,1938,0
1894,1895,1940,1212,1211,0
557,1941,1942,1943,901,896,556,0
692,1523,20,22,101,694,0
1099,524,522,1944,1095,0
1280,1276,1946,1093,1091,1200,1945,0
1044,571,573,1947,1750,1043,0
1949,365,363,1948,1901,1900,0
1951,1303,1301,1950,1040,1036,0
1955,1952,1953,1954,642,639,0
24,1058,1061,1956,28,0
1770,1958,1957,1089,535,536,0
1960,1959,1237,1168,1171,665,666,0
772,1886,1883,819,821,1552,773,0
328,329,1630,1629,0
1446,1196,1194,448,449,1443,0
219,1962,1961,1323,1325,216,0
1964,1963,91,92,1187,0
775,1966,1965,1285,770,0
1361,786,787,1967,1360,0
7,1671,1225,1227,6,0
1969,695,694,101,100,1968,0
1375,373,368,1323,1961,1372,0
1971,1970,462,461,721,0
1973,1972,1797,1795,1833,1834,0
257,1793,1790,1974,253,0
991,1975,706,707,1777,987,0
1287,1976,704,701,1977,1979,1978,1286,0
1390,1980,1981,1982,816,818,0
1985,615,616,1984,1805,1803,1983,0
1279,1987,1986,426,424,1498,1275,0
768,766,1988,947,944,1304,1307,0
1991,1337,1338,1990,1989,0
1995,1993,1994,1404,1407,1992,0
1997,1996,1800,1799,83,85,0
717,1998,1251,1253,813,716,0
1999,1430,1428,1098,1096,0
1388,1352,1349,788,97,96,0
1278,1785,1781,1946,1276,0
1269,1267,404,406,2001,2000,0
246,2002,2003,1413,1414,244,0
2006,2004,2005,1779,1777,707,708,0
2009,2007,2008,753,755,0
1709,1711,2010,2011,194,191,0
353,348,788,1349,1350,1448,1447,0
2015,1320,1317,2014,2013,2012,0
2019,346,344,2016,2017,2018,0
1786,121,119,1461,1783,0
1929,1927,1215,1216,1977,701,703,0
668,14,17,1300,750,747,1332,0
618,1536,866,867,1223,612,0
1378,1377,1399,2022,676,677,2020,2021,0
734,732,2023,2025,2024,1813,0
1992,2026,212,214,1995,0
2029,2028,2027,777,778,0
1359,1400,1376,209,213,0
2033,1539,805,806,2030,2031,2032,0
2035,2034,379,383,1354,0
2038,2037,1328,1329,2036,0
793,2039,2040,238,49,52,0
1343,2042,748,749,2043,2041,1344,0
948,953,1298,1510,880,879,0
1274,2046,2044,2045,1270,0
1712,2048,2047,1008,1007,0
2038,2036,2051,899,897,2052,2049,2050,0
1239,1237,1959,111,115,2053,0
112,1459,2054,743,745,2053,115,0
1687,320,319,1417,1685,0
419,391,387,2056,2055,1241,418,0
224,221,814,813,1253,1254,0
100,102,2057,1680,1679,1968,0
797,2040,2039,1351,1348,429,430,798,0
2060,1444,1442,2059,2058,0
678,2013,2014,2061,2020,677,0
698,2062,2035,1354,1353,1615,697,0
1423,1424,389,388,2032,2031,0
2065,2064,1406,1408,2063,0
460,2066,2067,792,53,51,1573,458,0
2069,1494,1495,725,727,2068,1437,1439,0
2071,1357,1358,432,427,2070,0
1718,1717,1333,713,712,1026,0
691,686,1451,1452,2072,0
723,1264,1203,1201,1971,721,0
2073,1233,648,647,1846,0
2074,882,878,454,456,0
1610,2076,2075,922,919,0
2078,2077,1471,370,371,0
1421,2018,2017,958,957,503,506,1420,0
1431,1427,1322,195,190,1560,2079,0
2042,2080,2081,751,748,0
719,715,1559,1557,2082,2083,0
26,27,399,400,1402,1821,0
2069,2086,2084,2085,1493,1494,0
2015,2012,1896,1389,817,158,156,2087,0
2089,2088,1515,1516,1810,0
1308,1304,944,942,2091,2090,0
1296,949,951,3,5,1231,0
1365,2092,2093,442,445,0
2095,1798,1796,1455,1456,2094,0
2006,708,709,1449,192,194,2011,0
1228,585,581,640,1150,1226,0
1080,2097,2098,2096,1077,0
1662,1161,1159,1928,828,829,0
256,253,1974,1518,1519,1601,1597,0
476,2099,2100,1555,831,833,1706,475,0
683,1445,1443,449,447,1767,681,0
622,1468,1469,1071,1070,1620,621,0
871,222,224,1254,1252,875,0
1243,2101,2102,2103,65,61,0
2105,2104,1341,1342,0
1336,669,671,2029,778,779,2106,1990,1338,0
1097,1098,1428,1426,2107,0
868,505,503,957,954,1223,867,0
1665,1879,1878,367,372,1472,1666,0
1005,1001,1499,920,922,2075,2108,0
2111,1374,1373,2110,2109,0
2033,1321,1318,1537,1539,0
1115,1110,1981,1980,1281,1283,2112,0
1511,455,454,878,880,1510,0
1483,1484,1721,2113,1673,1675,0
740,218,216,1325,1324,0
1417,1418,2114,2115,2116,1683,1685,0
799,186,184,433,834,795,0
1331,752,751,2081,2117,0
850,846,2118,413,416,1460,0
1943,1942,1625,853,855,1458,0
1291,1292,1863,1416,1415,0
1931,1930,1521,1522,841,842,0
2123,2122,2119,2120,2121,0
2024,2116,2115,2124,1812,1813,0
722,724,231,232,1214,1261,0
1676,1673,2113,1453,863,865,2125,0
2128,1315,1310,2127,2126,0
1425,2129,390,389,1424,0
2130,1386,1385,178,181,0
785,756,753,2008,1340,0
718,815,1556,1559,715,0
1501,1031,1030,1582,1584,2131,0
2133,2132,482,478,840,843,0
2091,942,945,1541,2134,0
1011,1008,2047,2072,1452,86,87,0
1509,1507,1543,859,860,2136,2135,0
451,448,1194,1195,2137,1692,1691,0
984,978,1566,490,487,886,887,0
1561,1347,1351,2039,793,794,0
927,926,952,950,1678,2138,0
1604,1603,1538,1537,1318,1316,2139,0
1422,206,207,414,1412,1411,2140,0
1985,316,312,613,615,0
57,58,2141,2142,2143,1463,0
2054,1434,1435,2144,1877,742,743,0
1561,196,192,1449,1448,1350,1347,0
1504,1505,2145,738,739,1825,0
301,302,1068,1071,1469,1467,0
497,495,895,808,810,2146,2147,0
1142,40,41,2148,1570,1141,0
441,437,904,783,781,1480,1477,2149,0
1722,1720,943,946,2094,1456,1454,0
1369,1370,499,500,2100,2099,0
1628,2150,1473,903,440,438,0
1467,890,892,1546,298,301,0
1622,1620,1070,1072,2151,2152,0
2088,1567,1569,912,559,560,1513,1515,0
468,466,1464,1465,2153,2154,0
905,1475,9,10,902,0
1754,1753,1401,1403,2085,2084,0
1576,2146,810,811,861,1542,0
835,2155,1806,1409,836,0
1550,1551,2093,2092,2156,0
1624,1626,1627,452,453,2157,0
1128,266,268,1554,1672,1674,2158,0
431,1387,2120,2119,2070,427,0
918,914,2159,1772,1544,891,893,0
2065,2063,2155,835,837,0
1054,1861,1572,1571,2161,2160,1055,0
239,2161,1571,1573,51,54,0
939,2162,1500,1501,2131,1732,935,0
822,823,1450,1549,0
977,974,2118,846,849,1548,0
479,481,1646,2159,914,915,0
1512,1432,854,856,1624,2157,0
243,1490,1491,1888,133,131,242,0
727,729,2163,259,260,2068,0
1832,1831,1600,1601,1519,1517,2164,0
975,1412,414,413,2118,974,0
1882,1879,1665,1667,357,354,2165,0
1003,802,807,1540,1830,1004,0
159,1604,2139,2087,156,0
37,33,1659,827,532,534,0
425,182,183,808,895,423,0
1921,2143,2142,780,410,411,0
1773,1772,2159,1646,1595,1596,0
1569,1570,2148,910,912,0
600,1014,1016,1787,1789,1656,598,0
1578,150,153,1498,424,422,894,0
402,403,1493,2085,1403,0
1558,1556,815,77,79,468,2154,0
1314,1486,838,841,1522,1312,0
250,2166,1635,511,512,247,0
412,408,782,11,12,2167,0
2138,1527,1528,576,579,1035,924,927,0
1482,1553,1555,2100,500,498,0
1955,639,584,586,971,968,1681,2168,0
1848,1847,1713,1715,282,285,0
1867,1865,1183,1180,1892,2169,2170,2171,0
345,1837,1836,1660,1661,2172,2016,344,0
1655,1647,1644,1641,1640,0
2136,860,858,1122,1693,1694,0
1854,2150,1628,108,106,1855,0
1922,1220,1221,1558,2154,2153,0
1677,881,876,1478,1525,1524,0
305,309,697,1615,1617,0
830,2173,1705,1706,833,0
1587,1479,1480,781,780,2142,2141,0
1022,504,508,1649,663,661,0
1714,1179,1182,1067,286,282,1715,0
999,1543,1507,1506,996,0
1701,1699,1139,1135,1688,1690,1019,1020,0
580,1732,2131,1584,1581,577,0
1866,2174,657,655,161,164,1652,0
1902,1664,1585,1583,176,174,66,68,0
272,273,575,577,1581,0
917,844,840,478,479,915,0
1162,1157,1838,1758,1757,1856,1265,1263,0
489,491,2164,1517,0
1818,1816,1147,1149,1727,1730,0
1273,1736,1148,1147,1816,1819,199,201,0
1725,1024,1023,2173,830,832,1723,0
255,909,1700,2175,252,0
537,1188,1131,1132,538,0
2129,1531,1532,2176,2056,387,390,0
1591,1588,2178,1729,1731,2177,0
959,960,2180,152,154,2179,0
1903,1901,1948,1637,1638,2181,2182,0
166,161,655,656,1017,1762,0
967,964,1018,1019,1690,1633,1632,2183,0
107,109,1625,1942,1941,0
1288,1285,1965,1489,1490,243,245,0
791,792,2067,2079,1560,0
129,1089,1957,2184,127,0
1891,1668,1064,1065,1684,1249,1248,0
1801,720,463,464,2185,1708,1710,0
1988,766,764,2187,1613,1614,2186,0
278,1533,1534,2188,1565,1563,277,0
297,294,484,1643,1051,1046,0
331,328,1629,898,899,2051,0
1807,1808,1053,1055,2160,0
1023,1025,1704,1705,2173,0
659,657,2174,514,518,1788,0
1035,336,335,1669,925,924,0
1747,1599,146,147,2189,2190,0
118,1654,848,850,1460,117,0
2132,1642,1641,1644,480,482,0
1511,1512,2157,453,455,0
492,562,561,911,486,0
900,1631,555,556,896,0
940,937,1619,56,55,1462,2191,0
1790,962,888,883,1518,1974,0
254,256,1597,1598,1742,908,0
1743,2192,228,229,1814,1138,1136,0
592,596,2193,397,392,1912,0
2034,1748,1750,1947,2059,1442,381,379,0
916,918,893,889,1466,1653,0
1272,1270,2045,2168,1681,1682,0
484,485,847,845,1655,1640,1643,0
1114,1734,1761,1982,1981,1110,0
229,230,510,1689,1814,0
1528,1529,938,936,578,576,0
1721,1722,1454,1453,2113,0
1746,955,958,2017,2016,2172,0
1969,1968,1679,970,972,1636,2194,0
251,248,1024,1725,1726,1851,0
1190,1188,537,539,1088,2195,0
496,497,2147,300,298,1546,0
1576,303,300,2147,2146,0
1830,1540,1538,1603,1602,2196,1775,1774,0
1107,1108,533,531,825,1413,2003,0
1143,1140,608,609,2197,0
1707,583,582,1670,337,334,0
563,1827,1828,1514,1513,560,0
1038,1040,1950,1794,1611,0
992,730,728,589,588,0
36,1746,2172,1661,1659,33,0
1826,1326,122,123,1880,2198,0
1632,1634,928,930,2183,0
1696,913,910,2148,41,42,543,0
239,240,1410,1807,2160,2161,0
223,1605,78,80,814,221,0
1876,528,529,1666,1472,1470,1081,1078,0
1204,1205,374,377,1118,1117,1936,0
1109,1804,2199,530,533,1108,0
1586,1587,2141,58,56,1619,0
263,259,2163,1809,932,929,1724,0
130,127,2184,2158,1674,1676,2125,0
469,1609,2191,1462,1464,466,0
472,473,816,1982,1761,0
546,548,2200,2201,2178,1588,0
2179,154,150,1578,1579,2202,0
1380,1607,2030,806,803,0
2074,456,452,1627,439,441,2149,0
1381,804,802,1003,1005,2108,0
1844,1843,2192,1743,1744,2203,0
2133,843,838,1486,1050,1052,0
1854,1476,1473,2150,0
1589,1591,2177,2152,2151,0
1339,1335,1964,1187,1189,1911,1910,1840,1842,0
1137,1139,1699,907,906,0
993,1809,2163,729,726,0
1244,1718,1026,1027,1042,0
1334,1333,1717,1719,1492,401,398,0
631,626,1249,1684,1686,2204,0
566,1844,2203,2190,2189,569,0
2166,250,251,1851,1852,0
939,940,2191,1609,1608,2162,0
1172,1170,1294,394,396,18,16,0
1817,1818,1730,1729,2178,2201,0
981,1766,450,451,1691,983,0
1925,1811,1812,2124,607,610,0
1396,989,990,1702,2205,1393,0
1835,1060,1058,24,29,1823,0
315,1565,2188,614,613,312,0
1580,1773,1596,1594,2202,1579,0
1355,2206,2207,2175,1700,1616,1356,0
1852,934,928,1634,1635,2166,0
1856,1202,1203,1264,1265,0
653,1177,1175,1401,1753,1133,651,0
1923,275,276,2208,2209,1924,0
1768,1766,981,984,887,884,0
994,310,306,1018,964,965,0
637,638,1778,1779,2005,465,462,1970,0
2086,1771,540,541,1755,1754,2084,0
600,601,1775,2196,1015,1014,0
1621,1622,2152,2177,1731,1728,0
1123,1739,1740,980,979,1693,1122,0
175,176,1583,1582,1030,1032,0
1782,1784,1497,151,152,2180,0
1054,1056,1860,1861,0
1295,1841,395,394,1294,0
2073,1846,1155,1151,340,341,2210,0
139,141,1504,1825,1826,2198,0
961,1592,1593,1645,1654,118,120,0
162,1735,1112,1111,553,165,0
1124,1121,288,170,167,0
157,160,470,1015,2196,1602,0
1791,1792,2207,2206,2211,0
296,297,1046,1049,1713,1847,0
1171,1172,16,15,665,0
313,314,1100,1101,1564,0
291,812,180,179,289,0
1618,1701,1020,307,305,1617,0
2077,2097,1080,1081,1470,1471,0
997,1000,1165,1769,1575,0
1716,1848,285,281,1116,0
636,1204,1936,634,0
587,64,59,696,304,308,0
645,646,483,293,295,0
70,67,1657,1656,1789,1184,1186,0
1102,1874,1873,2209,2208,1908,1103,0
1010,1011,87,83,1799,0
976,1759,1758,1838,1839,973,0
652,654,1850,1255,1257,1849,0
236,231,724,720,1801,1802,0
1182,1183,1865,1651,1066,1067,0
951,952,926,1,3,0
333,274,269,1663,2182,2181,0
1765,1033,1034,1499,1001,1002,1763,0
1164,2114,1418,1419,1864,1163,0
356,1916,1917,1933,1935,2165,354,0
1989,338,340,1151,1153,93,91,1963,1991,0
177,1657,67,66,174,0
1767,1768,884,885,680,681,0
262,263,1724,1723,832,0
1073,1868,2212,1590,1589,2151,1072,0
1751,733,735,1741,1737,169,171,0
1639,1707,334,333,2181,1638,0
2089,1810,1811,1925,1144,1145,1568,0
1906,1872,603,605,1904,0
1696,1697,488,486,911,913,0
1193,45,46,1508,1191,0
506,507,205,204,1420,0
1815,1535,1502,138,140,0
1152,1154,1256,1255,1850,0
48,44,2058,2059,1947,573,572,2213,0
633,1937,988,985,1778,638,0
1142,1143,2197,38,40,0
1082,1086,1623,1621,1728,1727,1149,0
1714,1487,1485,1181,1179,0
1858,2212,1868,1166,1167,2214,1857,0
168,290,1247,629,628,172,0
1496,590,589,728,725,1495,0
162,166,1762,1733,1735,0
1123,1124,167,169,1737,1739,0
1271,2057,102,103,1736,1273,0
1845,1871,226,228,2192,1843,0
1013,1012,1870,567,568,0
1892,1488,1313,1311,2169,0
1702,287,283,550,551,2205,0
1952,2044,2046,324,325,1913,1953,0
1441,1437,2068,260,264,1703,0
2111,2109,1206,1207,1872,1906,1907,0
1979,1977,1216,234,233,2215,0
1945,1200,1198,1934,2216,0
501,502,941,943,1720,1481,0
1858,549,544,1590,2212,0
662,1780,1783,1461,1021,1022,661,0
522,525,2217,1944,0
2128,2126,1938,519,517,2171,2170,0
1928,1929,703,700,826,828,0
1745,1747,2190,2203,1744,0
1893,1395,1394,1899,1898,1940,1895,0
554,1899,1394,1393,2205,551,0
1917,1918,2218,2216,1934,1933,0
1881,1882,2165,1935,1932,0
1210,1885,1887,2219,1997,85,84,0
976,977,1548,1547,1760,1759,0
2004,2220,2185,464,465,2005,0
1991,1963,1964,1335,1337,0
1028,1859,570,571,1044,1029,0
1057,1817,2201,2200,1956,1061,0
1902,1903,2182,1663,1664,0
1966,1364,444,446,1489,1965,0
538,1132,1134,1755,541,0
1765,1658,173,175,1032,1033,0
1751,1752,2023,732,733,0
622,624,1653,1466,1468,0
74,75,2210,341,339,2106,779,0
1092,1094,1650,1815,140,137,0
711,30,28,1956,2200,548,545,0
658,659,1788,1787,1016,0
2095,2094,946,947,1988,2186,0
2194,1636,1637,1948,363,360,0
773,1552,1550,2156,771,0
1992,1407,1406,2064,435,436,2026,0
662,664,1093,1946,1781,1780,0
235,1996,1997,2219,2215,233,0
572,574,1857,2214,2213,0
1352,1388,428,429,1348,0
280,275,1923,741,738,2145,0
235,236,1802,1800,1996,0
1949,1900,69,70,1186,1185,1234,0
2000,2001,2221,1039,1037,1613,2187,0
375,378,1756,1760,1547,643,0
1577,1074,1068,302,299,0
1785,1278,1277,1497,1784,0
35,2199,1804,1805,1984,34,0
521,524,1099,1097,2107,0
2179,2202,1594,1592,961,959,0
114,111,1959,1960,2050,2049,0
989,1396,1397,1975,991,0
1258,1259,1954,1953,1913,0
563,564,1566,978,982,1827,0
1972,864,862,1455,1796,1797,0
1873,1208,1209,1924,2209,0
693,2127,1310,1309,1523,692,0
1829,737,736,1514,1828,0
322,317,528,1876,1293,1289,0
1006,1776,1764,1763,1002,0
1210,820,819,1883,1885,0
1028,714,711,545,547,1859,0
279,1875,1908,2208,276,0
2189,147,148,1013,568,569,0
1235,1939,362,365,1949,1234,0
326,1835,1823,1822,323,0
2010,1711,1708,2185,2220,0
1087,1083,1146,21,23,1520,0
649,1229,1226,1150,1156,650,0
1793,257,252,2175,2207,1792,0
966,967,2183,930,933,0
1299,1296,1231,1232,1877,2144,0
1102,1104,602,604,1874,0
901,1943,1458,1457,2052,897,0
1199,142,139,2198,1880,1881,1932,0
1698,1832,2164,491,488,1697,0
1059,1062,198,199,1819,0
635,637,1970,1971,1201,0
1176,1178,1820,1821,1402,0
361,1938,2126,2127,693,366,0
1260,1824,1820,1178,1174,1849,1257,0
2007,2009,2176,1532,1530,0
744,2027,2028,1238,1239,2053,745,0
1305,2222,1919,1920,1306,0
2004,2006,2011,2010,2220,0
121,1786,1782,2180,960,116,0
789,352,350,1894,1211,0
278,280,2145,1505,1503,1533,0
1869,1217,1215,1927,1926,0
1213,1212,1940,1898,1113,1115,2112,0
1271,1272,1682,1680,2057,0
1893,710,706,1975,1397,1395,0
2041,2221,2001,406,407,1344,0
1076,149,145,1600,1831,0
320,1687,1063,527,318,0
1978,1979,2215,2219,1887,1884,0
47,48,2213,2214,1167,0
1398,1400,1359,1357,2071,0
757,2055,2056,2176,2009,755,0
134,2002,246,242,131,0
1430,1999,689,687,1322,1427,0
1233,2073,2210,75,73,0
187,188,208,212,2026,436,0
1951,1036,1039,2221,2041,2043,0
2025,2023,1752,630,631,2204,0
2224,2021,2020,2061,1240,1242,2223,0
1671,7,4,925,1669,0
1921,1922,2153,1465,1463,2143,0
684,1791,2211,382,384,685,0
760,2098,2097,2077,2078,762,0
2060,2058,44,45,1193,1192,0
110,1130,1853,1855,106,0
1164,611,607,2124,2115,2114,0
1986,1987,2218,1918,1915,2225,0
1989,1990,2106,339,338,0
2086,2069,1439,1440,1771,0
1297,1299,2144,1435,1433,0
2076,1606,1379,1381,2108,2075,0
98,99,1213,2112,1283,0
2130,181,182,425,426,1986,2225,0
1961,1962,2110,1373,1372,0
1246,292,289,179,178,1385,0
1222,1218,409,412,2167,2226,0
1119,1120,986,988,1937,0
1891,358,357,1667,1668,0
349,353,1447,705,0
702,704,1976,241,244,1414,0
134,135,1107,2003,2002,0
124,125,369,367,1878,0
1574,1862,2217,525,523,0
1189,1190,2195,1909,1911,0
2054,1459,852,851,1434,0
1301,1302,1833,1795,1794,1950,0
2090,2091,2134,2227,0
1090,1890,1909,2195,1088,0
1127,1958,1770,1436,1438,1125,0
2034,2035,2062,2102,2101,1749,1748,0
882,2074,2149,1477,877,0
2064,2065,837,434,435,0
1973,1834,393,397,2193,0
2104,1994,1993,1967,787,784,1341,0
136,1889,1105,132,0
1866,1867,2171,517,514,2174,0
1438,1441,1703,1126,1125,0
595,864,1972,1973,2193,596,0
1284,1281,1980,1390,1391,2228,0
1305,1308,2090,2227,2222,0
1192,1196,1446,1444,2060,0
417,1240,2061,2014,1317,421,0
1268,1269,2000,2187,764,765,0
557,558,1129,104,107,1941,0
1910,1912,392,395,1841,1840,0
1995,214,211,1360,1967,1993,0
1250,632,627,1382,1383,0
1303,1951,2043,749,750,1300,0
1279,1280,1945,2216,2218,1987,0
346,2019,2140,1411,343,0
2024,2025,2204,1686,1683,2116,0
430,432,1358,1346,796,798,0
1343,1345,2080,2042,0
330,331,2051,2036,1329,0
35,37,534,530,2199,0
128,130,2125,865,591,594,0
1235,520,516,1939,0
1429,2066,460,459,521,2107,1426,0
678,679,1896,2012,2013,0
1374,2111,1907,1905,1371,0
1282,1284,2228,2121,2120,1387,0
690,2048,1712,1709,191,193,688,0
921,923,1500,2162,1608,0
649,8,6,1227,1229,0
2088,2089,1568,1567,0
2028,2029,671,673,1236,1238,0
758,754,786,1361,1362,2224,2223,0
1355,385,382,2211,2206,0
1127,1128,2158,2184,1957,1958,0
699,696,59,65,2103,0
1482,1483,1675,1672,1554,1553,0
1287,1288,245,241,1976,0
1241,2055,757,758,2223,1242,0
2123,2121,2228,1391,1392,1897,0
31,1334,398,399,27,0
2046,1274,202,197,324,0
356,359,1384,1914,1916,0
1421,1422,2140,2019,2018,0
1161,1662,1660,1836,1158,0
113,114,2049,2052,1457,0
772,774,1286,1978,1884,1886,0
1228,1230,1670,582,585,0
641,642,1954,1259,1256,1154,0
76,1606,2076,1610,467,81,0
617,1224,32,34,1984,616,0
1952,1955,2168,2045,2044,0
321,322,1289,1291,1415,0
2122,2022,1399,1398,2071,2070,2119,0
868,870,1648,1649,508,505,0
800,189,186,799,0
797,801,237,238,2040,0
332,1330,1331,2117,327,0
360,364,695,1969,2194,0
717,719,2083,1998,0
1536,618,614,2188,1534,0
625,1931,842,839,619,0
1320,2015,2087,2139,1316,0
1365,1366,769,771,2156,2092,0
2122,2123,1897,675,676,2022,0
2135,2136,1694,1692,2137,0
419,420,1319,386,391,0
1243,1045,1041,1749,2101,0
1315,2128,2170,2169,1311,0
1336,1339,1842,672,669,0
667,2037,2038,2050,1960,666,0
2104,2105,1405,1404,1994,0
1160,1162,1263,1262,1869,1926,0
1085,1087,1520,1521,1930,0
698,699,2103,2102,2062,0
1798,2095,2186,1614,1612,0
345,347,973,1839,1837,0
2129,1425,873,874,1531,0
1429,1431,2079,2067,2066,0
219,220,1206,2109,2110,1962,0
744,746,776,777,2027,0
373,1375,761,762,2078,371,0
767,768,1307,1306,1920,0
1321,2033,2032,388,386,1319,0
674,1173,1169,1236,673,0
2132,2133,1052,1047,1642,0
1363,1378,2021,2224,1362,0
316,1985,1983,311,0
2138,1678,1677,1524,1527,0
2031,2030,1607,1605,223,225,1423,0
690,691,2072,2047,2048,0
476,477,1367,1369,2099,0
1966,775,769,1366,1364,0
1386,2130,2225,1915,1914,1384,0
760,763,2096,2098,0
1197,1509,2135,2137,1195,0
683,685,384,380,1445,0
1219,1222,2226,2082,1557,0
667,668,1332,1327,1328,2037,0
