6,4,2,5,1,3,0
11,8,7,10,9,0
16,15,14,13,12,0
22,20,18,21,19,17,0
27,26,23,25,24,0
33,30,29,31,28,32,0
38,37,36,35,34,0
44,40,39,41,42,43,0
50,46,45,49,48,47,0
57,55,56,53,52,54,51,0
63,62,60,59,58,61,0
70,65,68,64,69,67,66,0
76,72,73,75,74,71,0
82,78,81,80,77,79,0
89,84,83,85,88,87,86,0
95,94,93,90,92,91,0
101,98,99,96,100,97,0
106,103,104,105,102,0
111,110,109,108,107,0
117,116,114,115,113,112,0
123,121,120,118,122,119,0
128,127,125,124,126,0
133,130,129,132,131,0
137,135,136,134,0
143,140,142,139,141,138,0
149,145,147,144,148,146,0
154,152,150,153,151,0
161,159,158,160,157,155,156,0
168,164,162,167,165,166,163,0
174,172,170,169,173,171,0
181,175,179,176,180,178,177,0
185,184,182,183,0
191,188,186,190,187,189,0
195,194,193,192,0
201,200,196,199,198,197,0
207,206,205,202,204,203,0
212,210,211,208,209,0
218,216,217,214,215,213,0
223,221,220,222,219,0
228,227,226,224,225,0
234,231,233,232,230,229,0
240,238,235,239,236,237,0
247,246,244,245,242,241,243,0
252,250,248,251,249,0
259,257,256,255,254,253,258,0
265,261,263,264,262,260,0
270,268,266,269,267,0
277,271,276,272,273,275,274,0
283,281,279,282,278,280,0
290,284,289,288,285,287,286,0
297,291,296,293,294,292,295,0
302,301,298,299,300,0
309,304,303,308,305,116,117,307,306,0
315,314,310,313,312,311,0
321,319,316,318,320,317,0
329,325,328,324,323,322,327,326,0
334,332,331,333,330,0
76,337,336,335,338,72,0
344,343,341,340,342,339,0
350,349,348,345,347,346,0
356,352,355,353,351,354,0
363,357,362,361,360,358,359,0
369,367,112,113,364,365,368,366,0
374,373,372,370,371,0
380,379,375,376,378,377,0
385,383,381,384,382,0
390,389,387,388,386,0
395,393,394,391,392,0
401,396,397,400,399,398,0
404,161,156,403,402,0
411,407,410,406,408,405,409,0
415,412,414,346,347,413,0
421,417,418,416,420,419,0
427,426,425,423,422,424,0
433,431,430,428,429,432,0
438,434,437,436,435,0
443,442,439,441,440,0
447,163,166,446,444,445,0
453,450,449,448,452,451,0
457,456,115,114,454,455,109,110,0
461,460,459,458,0
469,465,468,466,464,462,467,463,0
475,474,471,473,472,470,0
481,480,478,476,477,479,0
484,482,483,251,248,0
490,487,489,488,486,485,0
495,493,494,492,491,0
501,498,205,206,500,496,499,497,0
507,505,502,503,506,504,0
510,291,297,509,508,0
514,504,506,512,511,513,0
519,518,517,515,516,0
242,245,522,520,521,523,0
529,528,527,526,525,524,0
533,532,530,531,0
538,534,536,535,537,445,444,0
544,542,539,540,183,182,543,541,0
548,547,545,317,320,546,0
553,549,550,552,551,0
559,555,558,556,554,557,0
67,561,562,565,564,563,560,66,0
571,567,568,570,566,569,0
575,574,573,572,0
379,580,578,577,576,579,581,375,0
586,583,585,584,582,0
591,588,590,589,587,0
598,595,596,594,592,597,593,0
602,601,600,599,0
606,605,604,603,0
611,610,607,608,609,0
615,358,360,614,613,612,0
622,621,620,617,619,618,616,0
111,107,627,624,625,626,623,0
631,160,158,630,629,628,0
637,633,635,632,636,634,0
641,640,639,63,61,638,0
649,646,644,648,643,647,642,645,0
652,651,492,494,650,0
659,653,658,654,655,656,657,0
167,162,665,660,661,664,663,662,0
668,667,129,130,666,0
432,429,671,669,672,670,0
677,674,673,609,608,676,675,0
680,679,235,238,678,0
686,683,682,681,685,684,0
106,102,690,688,687,689,0
693,327,322,692,691,96,99,0
344,339,143,138,695,694,0
700,697,698,699,696,0
707,705,702,706,703,704,701,0
710,709,362,357,708,0
714,711,713,712,644,646,0
722,719,718,720,716,715,721,717,0
726,228,225,723,725,724,0
732,729,728,730,727,731,0
739,735,733,736,734,738,737,0
747,745,742,741,740,746,743,744,0
753,752,748,750,751,749,0
756,755,754,416,418,0
761,760,759,757,758,0
763,374,371,762,0
770,768,765,769,764,766,435,436,767,0
774,771,376,375,581,773,772,0
780,778,776,777,779,775,0
771,781,782,783,378,376,0
789,787,784,788,786,785,0
232,791,792,790,794,793,795,230,0
801,796,800,798,797,799,0
806,802,805,804,803,0
812,808,810,811,809,807,0
817,816,815,814,813,0
821,820,818,819,0
825,824,822,823,0
830,829,826,828,827,0
836,833,831,835,834,832,0
839,95,91,837,838,0
710,708,843,841,840,842,0
489,487,845,848,846,844,849,847,0
854,852,850,853,660,665,851,0
859,856,857,858,186,188,855,0
801,861,860,796,0
867,866,863,865,864,862,0
870,473,471,868,869,0
875,872,873,430,431,874,871,0
484,248,250,876,881,879,877,880,878,0
887,883,886,882,885,884,0
54,890,888,889,51,0
480,894,892,891,893,478,0
897,896,895,134,136,0
899,810,808,229,230,795,898,0
906,902,901,903,905,904,900,0
909,908,300,299,907,0
302,300,908,913,912,911,910,0
575,572,914,915,916,479,477,0
921,199,196,920,918,917,919,0
925,267,269,924,922,923,0
934,931,928,929,926,930,927,933,932,0
939,935,97,100,936,938,937,0
946,940,945,941,943,942,944,0
951,949,950,948,947,0
956,954,952,955,953,0
591,587,962,958,961,957,960,959,0
967,963,966,965,964,0
468,465,969,971,970,968,0
975,174,171,972,974,973,0
517,977,979,976,980,978,515,0
985,982,983,984,981,0
989,31,29,986,988,987,0
570,991,990,566,0
995,994,501,497,993,992,0
997,996,751,750,0
1000,999,998,903,901,0
1003,1002,1001,254,255,0
598,1006,1007,1005,1004,595,0
70,1009,1010,1008,65,0
1013,547,548,1012,176,179,1011,0
1019,1017,1016,1015,1018,1014,0
1024,1022,1021,1023,1020,0
1031,1025,1026,1030,1029,1028,1027,0
1035,1034,400,397,1032,1033,0
1039,1038,1037,503,502,1036,0
1042,285,288,1041,1040,980,976,0
1047,1043,1046,1044,1045,0
1054,1051,1048,1050,1049,1053,1052,0
1060,1055,1057,1059,1058,1056,0
1064,934,932,1061,1063,1062,0
50,1067,1065,1066,46,0
1073,1072,1071,1069,1068,1070,0
1077,1075,1076,41,39,1074,0
1080,58,59,1078,1079,0
1083,1082,272,276,1081,0
1090,1088,1087,1084,1089,1086,1085,0
1095,1092,1094,1093,1091,0
1100,1099,508,509,1096,1098,1097,0
1103,1102,237,236,1101,0
1108,1106,920,196,200,1107,1105,1104,0
1113,1111,1110,1112,1109,0
1116,1115,589,590,1114,0
1024,1020,1119,1121,1120,1123,1117,1122,1118,0
1129,1128,1125,1127,1126,1124,0
1132,1131,914,572,573,1130,0
1138,1134,1137,1136,1135,1133,0
1145,1139,1142,1140,1141,1144,1143,0
1152,1147,1148,1151,1150,1149,1146,0
1157,1156,1155,1153,1154,0
1160,338,335,1159,1158,0
1165,1161,1162,1164,1163,0
1169,1168,81,78,1166,1167,0
1,5,1172,1170,1171,0
1176,1112,1110,1173,1174,398,399,1175,0
1179,1178,1177,562,561,0
1187,1180,1183,1181,1186,1185,1184,1182,0
1190,1189,303,304,1188,0
1193,260,262,1191,927,930,1192,0
265,260,1193,1196,1195,1197,1194,0
731,727,1201,1200,1198,1199,0
1203,290,286,1202,402,403,0
625,624,1204,643,648,1205,1206,0
1210,1209,842,840,1207,1208,0
757,1212,1211,1213,717,721,758,0
1218,1215,1216,1214,1217,20,22,0
1224,1223,1221,1222,1219,1220,0
1229,1225,1226,1228,1227,333,331,0
1235,1234,1232,1231,1233,1230,0
1238,1236,90,93,1237,616,618,0
1244,1242,1243,1240,1241,1239,0
1248,1246,1211,1212,1245,1247,0
1253,1252,1249,1250,1251,0
1258,1256,1254,1257,1255,0
1263,1260,1262,1261,1259,0
1267,1266,1265,1264,85,83,0
1271,323,324,1270,1268,1269,0
1276,1273,1272,1275,1274,411,409,0
1281,664,661,1280,1277,1279,1278,0
1286,1285,1284,1282,1283,0
1289,649,645,1287,1288,0
1295,1292,1290,1291,1294,1228,1226,1293,0
1134,1296,1297,1299,1298,1137,0
1303,1300,1301,1302,382,384,0
1306,1304,1305,421,419,0
1309,1308,673,674,1307,0
1311,720,718,392,391,1310,0
1316,1314,1315,1312,1313,0
1321,1320,1319,1317,1318,0
103,1326,1322,1325,1327,1323,1324,104,0
1330,1329,1264,1265,1328,0
1335,1333,769,765,1334,1331,1332,0
1337,1336,1183,1180,607,610,0
615,1340,1338,1339,359,358,0
1345,1343,1344,1341,1342,0
89,1347,1346,84,0
1351,1349,1350,1348,777,776,0
1354,1352,1353,821,819,0
1360,1356,1359,1358,1355,1357,0
1365,1362,1363,687,688,1364,1361,0
1376,1372,1368,1373,1371,1369,1375,1370,1366,1374,1367,0
1379,408,406,1378,1377,0
1382,1381,1380,953,955,0
774,1384,1383,781,771,0
1389,1387,1386,1388,873,872,1385,0
836,1391,1390,1392,833,0
1394,1089,1084,1377,1378,1393,0
1397,657,656,1396,1395,0
705,1398,814,815,702,0
1404,1401,1399,1403,1402,1400,0
1087,1405,725,723,1379,1377,1084,0
1412,1407,1410,1408,1411,1406,1409,0
350,346,414,1414,1415,1413,1416,0
1420,1417,726,724,1419,1418,0
1426,1425,1424,1421,1423,1422,0
185,183,540,1429,1427,1430,151,153,1428,0
1436,1435,1433,1431,1432,1434,0
739,1437,1438,124,125,735,0
1441,427,424,1439,1440,0
1446,1443,243,241,1444,1445,1442,0
1019,1014,1448,1450,1449,1447,0
1453,1452,458,459,1451,0
1454,312,313,782,781,1383,0
1462,1460,1456,1459,1457,1461,1458,1455,0
1467,1464,1313,1312,1465,1463,1466,0
474,1469,1468,1250,1249,1470,868,471,0
1475,1474,1471,1472,1473,0
899,1476,1477,811,810,0
1484,1481,1483,1482,1480,1478,1479,0
1489,1488,1487,1485,1486,0
1495,1491,220,221,1492,1490,1494,1493,0
1499,1498,209,208,1496,1497,0
1503,1502,803,804,1501,1500,0
1507,1505,1504,1506,1026,1025,0
490,1508,845,487,0
1511,1510,422,423,1509,0
1271,1512,692,322,323,0
147,1514,1513,144,0
1515,1186,1181,1432,1431,0
1217,1516,1517,18,20,0
1484,1403,1399,1518,1481,0
1523,1520,1521,1522,1519,0
1000,901,902,1525,1524,1035,1033,0
389,1526,779,777,1348,387,0
1529,222,220,1491,1527,1528,0
1534,1533,1531,1532,525,526,1530,0
1488,1536,1535,1451,459,460,1487,0
1095,1091,1537,1517,1516,864,865,0
1539,1538,249,251,483,0
1543,1540,1542,455,454,1541,942,943,0
1131,1546,1544,1547,1545,915,914,0
1551,1550,1415,1414,1548,1549,0
1553,452,448,1552,938,936,0
1560,1556,1559,1555,1558,1554,1557,0
949,294,293,1522,1521,1561,950,0
488,922,924,1562,499,496,486,0
1566,1565,1563,1564,0
1569,1532,1531,1567,1568,0
1573,1572,1570,1571,910,911,0
1242,1576,1575,1574,736,733,1243,0
1579,1577,1578,440,441,0
1583,1580,1581,1582,259,258,0
1157,1154,1588,1586,1587,1584,1585,0
1594,1593,1590,1591,1589,1592,0
1599,1598,893,891,1597,1595,1596,0
1372,979,977,1600,1368,0
1602,1601,584,585,0
1606,1604,1605,1571,1570,1603,0
970,1607,793,794,1608,968,0
1610,529,524,1609,1466,1463,0
466,1612,881,876,1611,464,0
1615,1614,92,90,1236,594,596,1613,0
1619,1617,1618,1616,0
1623,1621,1622,1620,1473,1472,0
817,813,1626,1624,1625,1628,1627,0
1614,1629,837,91,92,0
1632,1630,1396,656,655,1631,0
825,823,1633,856,859,1634,0
1639,1635,951,947,1638,1637,1636,0
467,1031,1027,1641,1640,463,0
1644,1643,992,993,1642,0
1646,926,929,542,544,1645,0
996,1647,1649,1648,749,751,0
1652,1651,1549,1548,1650,0
1655,1654,1653,925,923,0
191,1657,1656,855,188,0
1277,669,671,1658,1659,1279,0
268,1660,1663,1661,1662,266,0
1664,858,857,1066,1065,0
964,1666,1665,271,277,967,0
961,1373,1368,1600,957,0
1669,120,121,1668,1667,141,139,0
1572,1670,989,987,1603,1570,0
1125,1672,1671,1674,1673,1127,0
1677,1676,884,885,1675,0
546,1678,1680,1679,1012,548,0
1684,1683,1682,47,48,1681,0
944,942,1541,305,308,1685,0
1690,1687,1688,1068,1069,1689,1686,0
1694,1693,1692,170,172,1691,0
332,1695,1696,1229,331,0
1698,1697,780,775,8,11,0
261,1699,1701,1122,1117,1700,263,0
849,123,119,1654,1655,847,0
1703,1030,1026,1506,1702,0
1704,853,850,1032,397,396,0
1708,42,41,1076,1706,639,640,1707,1705,0
1639,1710,1709,295,292,1635,0
1713,1711,1712,552,550,1547,1544,0
1718,1717,1714,1715,1716,0
282,279,1448,1014,1018,1719,0
1724,511,512,1721,1723,1722,1720,0
939,1727,1726,1725,935,0
880,1728,1729,1730,878,0
1733,1732,1731,971,969,1036,502,505,0
534,807,809,1734,1735,536,0
1374,1202,286,287,1367,0
1737,1736,233,231,1318,1317,0
507,504,514,1583,258,253,0
1743,1738,1741,1740,1742,1739,1080,1079,0
1747,1746,1656,1657,1745,1744,0
1063,1748,1015,1016,1749,1062,0
57,1750,1751,1753,1752,55,0
1757,1754,1756,1755,1422,1423,0
1757,1758,1759,1760,1754,0
184,1140,1142,1761,543,182,0
1765,1763,1762,1764,1714,1717,629,630,0
1187,1766,676,608,607,1180,0
469,1039,1036,969,465,0
69,64,1769,1770,1767,1771,1768,0
1774,1772,316,319,1773,1171,1170,0
1776,401,398,1174,1775,0
1007,25,23,1777,1778,1005,0
178,984,983,1780,1779,177,0
1781,1123,1120,555,559,0
1785,1153,1155,1782,1784,1783,0
1787,1786,537,535,204,202,0
1791,1790,1078,59,60,1788,1789,0
1343,1793,1794,678,238,240,1792,1344,0
1002,1797,1796,1795,1732,1733,1001,0
1803,1800,1798,1802,1799,1801,0
1809,1806,1807,1808,1804,1805,0
68,1013,1011,1769,64,0
1810,647,643,1204,1124,1126,0
731,1199,1812,1010,1009,1811,732,0
1060,1814,1813,1815,1055,0
1197,1694,1691,1816,1194,0
1022,974,972,1818,1817,1021,0
1781,559,557,1061,932,933,1819,0
1820,368,365,715,716,0
1824,1823,1821,1822,0
82,1599,1596,1825,1166,78,0
1828,1815,1813,1827,1826,0
1825,1829,1830,1167,1166,0
1831,1787,202,205,498,0
854,995,992,1643,998,999,852,0
1834,1833,1097,1098,1832,0
1023,1836,1835,1119,1020,0
1840,1838,1158,1159,1839,1837,0
578,1841,1749,1016,1017,577,0
1047,1752,1753,1842,1843,1043,0
201,197,1845,1846,1059,1057,1847,1844,0
12,1851,1848,1849,1850,16,0
1856,1853,1855,1854,1852,0
1308,1858,1857,611,609,673,0
632,635,1859,1860,342,340,0
626,1863,1861,1247,1245,1862,623,0
1270,324,328,1865,1864,1866,0
1867,1803,1801,1866,1864,1116,1114,0
1871,1837,1839,1869,1868,1870,0
946,1873,1872,940,0
1082,1875,1874,273,272,0
1880,1878,1879,1877,1876,0
1885,1883,1881,1884,1882,0
1888,77,80,1886,1083,1081,1887,1132,1130,0
627,1129,1124,1204,624,0
1329,1889,1890,88,85,1264,0
1892,1713,1544,1546,1891,0
1164,1162,1894,1893,549,553,0
1899,1898,1895,1896,1897,0
962,1902,1900,1053,1049,1901,958,0
1903,565,562,1177,1564,1563,0
1542,1904,108,109,455,0
1905,1302,1301,1293,1226,1225,0
1907,1906,1590,1593,1093,1094,0
1910,1909,1908,420,416,754,0
1913,1911,1912,1135,1136,0
1298,1299,1917,1916,1914,1915,0
1288,1920,1918,1919,1289,0
343,1921,1922,1145,1143,341,0
1926,1048,1051,1923,1925,1924,0
1928,1335,1332,1623,1472,1471,1927,0
867,1931,1930,1929,866,0
1276,1932,1480,1482,1273,0
1933,133,131,1850,1849,0
1285,1934,1937,1935,1936,1284,0
1938,722,717,1213,0
1375,1926,1924,682,683,1370,0
1349,1939,1940,1941,1942,1350,0
1944,1774,1170,1172,1943,0
1945,1238,618,619,0
1336,1946,1434,1432,1181,1183,0
194,1948,1947,1486,1485,193,0
1099,1949,1950,510,508,0
1956,1955,1953,1954,641,638,1951,1952,0
1960,1958,1663,1660,1959,1957,0
181,1961,1767,1770,175,0
601,280,278,1962,1964,1963,600,0
1208,1965,1967,1966,1210,0
1888,1970,1968,1969,79,77,0
1196,126,124,1438,1971,1972,1195,0
1973,1090,1085,1933,1849,1848,0
1975,1765,630,158,159,1974,0
216,1976,1977,1978,217,0
1982,1980,874,431,433,1981,1979,0
1412,1984,1983,1985,1407,0
1785,1987,1986,1588,1154,1153,0
1988,1306,419,420,1908,0
1992,1989,907,299,298,1991,1990,0
337,1993,1994,1995,1997,1996,336,0
1999,1108,1104,27,24,1998,0
1646,2000,1192,930,926,0
1690,2002,2003,2001,1687,0
703,2004,2005,1291,1290,2006,704,0
26,2007,1233,1231,1777,23,0
1840,1837,1871,2010,2008,2009,0
1218,1073,1070,2011,2012,1215,0
2015,1742,1740,2014,2013,0
637,150,152,2006,1290,1292,2016,633,0
1966,1778,1777,1231,1232,1209,1210,0
1411,2017,1782,1155,1156,1406,0
410,2018,1393,1378,406,0
127,1240,1243,733,735,125,0
763,762,2019,2021,2020,0
2023,622,616,1237,2022,0
2024,743,746,1985,1983,662,663,0
806,2026,2025,802,0
773,2028,2027,40,44,772,0
2030,264,263,1700,2029,0
1669,1151,1148,118,120,0
921,677,675,198,199,0
2032,2031,1328,1265,1266,1342,1341,0
1794,2034,2035,2033,680,678,0
1997,1995,1201,727,730,2036,0
839,838,1458,1461,2037,2038,0
690,102,105,2040,2039,2009,2008,0
438,2041,579,576,434,0
393,2042,2044,597,592,2043,394,0
1334,149,146,1622,1621,1331,0
309,571,569,1188,304,0
1443,2045,2046,2048,2047,247,243,0
1420,1956,1952,2015,2013,1417,0
1724,2049,33,32,513,511,0
2053,1258,1255,2051,2052,2050,0
363,1462,1455,843,708,357,0
2054,1467,1466,1609,1569,1568,0
6,3,2055,1994,1993,1219,1222,0
2057,1327,1325,2056,0
1413,2059,2058,2033,2035,1416,0
1152,1295,1293,1301,1300,1147,0
605,1261,1262,2061,2060,604,0
1764,1176,1175,1715,1714,0
786,2062,2064,2063,785,0
1689,1069,1071,1227,1228,1294,0
2066,2065,1056,1058,1184,1185,0
2071,2070,2069,2067,2068,0
1281,2024,663,664,0
2073,356,354,2072,0
1359,1356,2075,2076,650,494,493,2074,0
2080,1992,1990,2079,2077,2078,0
369,659,657,1397,367,0
1737,1317,1319,2081,1101,236,239,0
2083,1470,1249,1252,2082,0
2027,764,769,1333,1074,39,40,0
1708,1454,1383,1384,43,42,0
706,702,815,816,2086,2084,2085,0
2087,887,884,1676,521,520,0
1441,1440,2088,218,213,738,734,2089,0
761,758,721,715,365,364,2090,0
1734,809,811,1477,1795,1796,0
2092,1505,1507,462,464,1611,2091,0
2094,1429,540,539,2093,0
1381,2095,1501,804,805,1380,0
634,2096,1428,153,150,637,0
1248,1224,1220,71,74,1246,0
1404,1400,2099,1790,1791,2098,2097,0
757,759,1862,1245,1212,0
747,1445,1444,745,0
2100,234,229,808,812,0
428,430,873,1388,2048,2046,0
1314,1322,1326,787,789,1315,0
1512,451,452,1553,691,692,0
1160,1158,1838,2102,395,392,718,719,2101,0
2018,2104,2105,2106,2103,1394,1393,0
353,711,714,1919,1918,351,0
1365,2108,2109,2107,1362,0
875,329,326,1385,872,0
1425,2110,1046,1043,1843,1944,1943,1424,0
1973,1848,1851,654,658,2111,1915,1914,0
2115,2114,2112,2113,0
475,470,2117,768,770,2116,0
1810,1126,1127,1673,820,821,1353,0
1401,798,800,370,372,1518,1399,0
86,87,2118,2119,0
783,782,313,310,2120,2121,0
2122,7,8,775,779,1526,0
1743,2099,1400,1402,1738,0
693,1389,1385,326,327,0
1482,1483,2123,2124,1272,1273,0
1320,2126,2125,1587,1586,2081,1319,0
408,1379,723,225,224,405,0
2129,2128,380,377,2127,0
2132,2131,2130,2105,2104,0
1692,417,421,1305,169,170,0
1514,472,473,870,1513,0
886,1535,1536,2133,1784,1782,2017,882,0
1573,911,912,846,848,2134,2135,0
1449,2136,767,436,437,1447,0
334,330,19,21,1592,1589,495,491,0
1352,1354,1287,645,642,0
1309,1307,919,917,1216,1215,2012,0
1369,1371,1901,1049,1050,0
1268,2137,1597,891,892,450,453,1269,0
2092,897,136,135,1504,1505,0
1003,255,256,2141,2138,2139,2140,0
460,461,192,193,1485,1487,0
1138,1133,1820,716,720,1311,2142,0
1475,1473,1620,861,801,799,0
1629,841,843,1455,1458,838,837,0
1382,415,413,2095,1381,0
752,1439,424,422,1510,582,584,1601,748,0
250,252,2091,1611,876,0
1594,1592,21,18,1517,1537,0
1982,1054,1052,1498,1499,1980,0
1495,2145,2143,2144,1527,1491,0
425,1392,1390,1991,298,301,1605,1604,1509,423,0
936,100,96,691,1553,0
912,913,2146,2147,844,846,0
906,1360,1357,1525,902,0
1543,2149,1671,1672,2148,1540,0
1565,2150,788,784,689,687,1363,1903,1563,0
1880,1876,1267,83,84,1346,1502,1503,0
1456,1460,1339,1338,2151,0
2059,1413,1415,1550,792,791,0
2153,2136,1449,1450,2152,0
707,1430,1427,1398,705,0
2156,2154,1684,1681,2155,1452,1453,0
2053,2050,737,738,213,215,0
168,1560,1557,164,0
2022,1577,1579,1917,1299,1297,2023,0
1203,403,156,155,863,866,1929,0
1697,1044,1046,2110,778,780,0
1419,724,725,1405,2157,2158,2159,0
1103,1101,2081,1586,1588,1986,0
1376,1042,976,979,1372,0
1511,1509,1604,1606,2160,0
851,665,162,164,1557,1554,0
1574,834,835,2089,734,736,0
1630,2161,306,307,1395,1396,0
523,742,745,1444,241,242,0
1488,1489,827,828,2133,1536,0
1633,45,46,1066,857,856,0
223,219,1545,1547,550,549,1893,2162,0
871,874,1980,1499,1497,0
2163,1642,993,497,499,1562,0
1741,1738,1402,1403,1484,1479,0
1593,1594,1537,1091,1093,0
954,1650,1548,1414,414,412,952,0
1652,1650,954,956,2164,0
470,472,1514,147,145,2117,0
1566,1564,1177,1178,978,980,1040,2165,0
2129,2127,2166,2066,1185,1186,1515,0
1608,794,790,2167,2168,2169,0
928,2093,539,542,929,0
493,495,1589,1591,2074,0
877,879,2168,2167,2170,0
898,795,793,1607,2171,0
2161,1630,1632,568,567,0
14,991,570,568,1632,1631,13,0
293,296,2172,2173,1519,1522,0
1885,1882,2160,1606,1603,987,988,0
1524,1525,1357,1355,2174,2175,0
2094,2093,928,931,1624,1626,0
1662,2163,1562,924,269,266,0
496,500,2139,2138,485,486,0
1550,1551,2170,2167,790,792,0
960,957,1600,977,517,518,2176,0
1500,1501,2095,413,347,345,0
1964,1962,558,555,1120,1121,0
2032,1341,1344,1792,2177,829,830,0
1958,2076,2075,900,904,1661,1663,0
281,1468,1469,2152,1450,1448,279,0
893,1598,1969,1968,476,478,0
378,783,2121,2166,2127,377,0
695,138,141,1667,2146,913,908,909,0
244,1725,1726,1682,1683,522,245,0
1532,1569,1609,524,525,0
1932,226,227,2178,1478,1480,0
1534,1530,862,864,1516,1217,1214,0
1637,1679,1680,889,888,1636,0
190,186,858,1664,2179,2180,0
115,456,2090,364,113,0
586,582,1510,1511,2160,1882,1884,0
1673,1674,2181,818,820,0
93,94,1578,1577,2022,1237,0
1533,918,920,1106,1567,1531,0
1676,1677,741,742,523,521,0
48,49,2155,1681,0
1651,1728,880,877,2170,1551,1549,0
289,284,1930,1931,527,528,2182,0
583,586,1884,1881,2183,0
881,1612,2169,2168,879,0
1526,389,390,2122,0
1722,1028,1029,1283,1282,1720,0
1476,2184,1731,1732,1795,1477,0
268,270,2185,1959,1660,0
1538,1539,895,896,0
1747,1744,481,479,916,1529,1528,0
2186,959,960,2176,1771,1767,1961,0
1723,1721,1037,1038,1640,1641,0
146,148,860,861,1620,1622,0
1648,1649,1977,1976,0
1100,1097,1833,9,10,2187,0
187,449,450,892,894,2188,189,0
1508,2141,256,257,2134,848,845,0
1644,1642,2163,1662,1661,904,905,0
1286,1283,1029,1030,1703,2189,0
712,713,1941,1940,2190,0
2182,528,529,1610,2191,2192,0
274,2193,963,967,277,0
383,2185,270,267,925,1653,381,0
1280,661,660,853,1704,2194,0
1967,1965,1613,596,595,1004,0
372,373,2123,1483,1481,1518,0
1034,1716,1715,1175,399,400,0
985,981,948,950,1561,1169,1167,1830,0
824,2195,1493,1494,822,0
1533,1534,1214,1216,917,918,0
1718,1716,1034,1035,1524,2175,0
512,506,503,1037,1721,0
756,418,417,1692,1693,2196,0
1171,1773,1198,1200,2055,3,1,0
1520,1523,2197,2198,2199,0
1710,890,54,52,1709,0
533,531,2193,274,275,0
1736,2200,2058,2059,791,232,233,0
58,1080,1739,1951,638,61,0
1727,1067,50,47,1682,1726,0
938,1552,2180,2179,937,0
651,1695,332,334,491,492,0
1621,1623,1332,1331,0
1766,1845,197,198,675,676,0
1928,1927,1789,1788,2202,2201,0
915,1545,219,222,1529,916,0
670,672,1775,1174,1173,0
949,951,1635,292,294,0
1769,1011,179,175,1770,0
301,302,910,1571,1605,0
1907,1094,1092,157,160,631,0
2125,446,166,165,2203,1584,1587,0
1667,1668,2147,2146,0
513,32,28,1580,1583,514,0
1189,2204,1685,308,303,0
628,629,1717,1718,2175,2174,0
114,116,305,1541,454,0
1244,1239,2205,541,543,1761,0
965,966,1897,1896,0
970,971,1731,2184,2171,1607,0
1324,1323,2206,593,597,2044,0
1316,1313,1464,1998,24,25,1007,1006,2207,0
1303,384,381,1653,1654,119,122,0
1617,1619,34,35,0
1847,1057,1055,1815,1828,1809,1805,0
2068,2067,1627,1628,2208,0
206,207,2209,2140,2139,500,0
1756,1754,1760,2211,1206,1205,2210,0
1783,1784,2133,828,826,0
1643,1644,905,903,998,0
989,1670,1581,1580,28,31,0
1168,2199,2198,1886,80,81,0
1855,1853,1645,544,541,2205,0
2087,520,522,1683,1684,2154,0
1156,1157,1585,1409,1406,0
1831,498,501,994,1558,1555,0
1373,961,958,1901,1371,0
404,402,1202,1374,1366,1822,1821,0
259,1582,2135,2134,257,0
1750,1678,546,320,318,1751,0
1031,467,462,1507,1025,0
1572,1573,2135,1582,1581,1670,0
466,468,968,1608,2169,1612,0
2046,2045,1658,671,429,428,0
2030,2029,1819,933,927,1191,0
1799,1802,1595,1597,2137,0
1574,1575,2078,2077,832,834,0
505,507,253,254,1001,1733,0
1748,554,556,1719,1018,1015,0
1446,1442,2212,1278,1279,1659,0
1149,1859,635,633,2016,1146,0
1719,556,558,1962,278,282,0
1746,2144,2143,1634,859,855,1656,0
1075,2202,1788,60,62,1706,1076,0
729,563,564,2107,2109,728,0
1235,1230,1806,1809,1828,1826,2213,0
1854,1241,1240,127,128,1852,0
2037,2158,2157,442,443,2038,0
1874,2173,2172,532,533,275,273,0
1865,328,325,1496,208,211,0
1829,1825,1596,1595,1802,1798,0
1722,1723,1641,1027,1028,0
101,97,935,1725,244,246,2214,0
997,750,748,1601,1602,2215,0
1017,1019,1447,437,434,576,577,0
210,2216,1115,1116,1864,1865,211,0
53,56,1832,1098,1096,0
2218,1960,1957,2217,1905,1225,1229,1696,0
1102,2219,2177,1792,240,237,0
1892,1891,1887,1081,276,271,1665,0
385,382,1302,1905,2217,0
636,632,340,341,1143,1144,0
2064,2062,2220,2165,1040,1041,2192,2191,0
647,1810,1353,1352,642,0
1666,964,965,1896,1895,1712,1711,0
1163,551,552,1712,1895,1898,1165,0
1818,972,171,173,1616,1618,0
1701,1699,1816,1691,172,174,975,0
1867,1114,590,588,2221,1779,1780,0
1916,1917,1579,441,439,2222,0
1740,1741,1479,1478,2178,2014,0
536,1735,203,204,535,0
1125,1128,2223,2148,1672,0
996,997,2215,1647,0
112,367,1397,1395,307,117,0
1064,1062,1749,1841,2208,1628,1625,0
679,2200,1736,1737,239,235,0
1207,840,841,1629,1614,1615,0
1931,867,862,1530,526,527,0
999,1000,1033,1032,850,852,0
1337,610,611,1857,1688,1687,2001,0
679,680,2033,2058,2200,0
401,1776,2194,1704,396,0
15,16,1850,131,132,2224,0
1200,1201,1995,1994,2055,0
1748,1063,1061,557,554,0
1851,12,13,1631,655,654,0
1842,1753,1751,318,316,1772,0
1834,1832,56,55,1752,1047,1045,2225,0
180,176,1012,1679,1637,1638,0
178,180,1638,947,948,981,984,0
2149,941,945,2181,1674,1671,0
509,297,295,1709,52,53,1096,0
133,1933,1085,1086,666,130,0
321,317,545,1008,1010,1812,0
14,15,2224,990,991,0
613,614,2226,315,311,1705,1707,0
1071,1072,17,19,330,333,1227,0
1996,1869,1839,1159,335,336,0
1893,1894,2113,2112,2162,0
1651,1652,2164,1729,1728,0
187,190,2180,1552,448,449,0
360,361,2213,1826,1827,2226,614,0
123,849,844,2147,1668,121,0
1205,648,644,712,2190,2210,0
1340,1953,1955,2151,1338,0
140,143,339,342,1860,0
368,1820,1133,1135,1912,366,0
2043,592,594,1236,1238,1945,0
1796,1797,2209,207,203,1735,1734,0
1165,1898,1899,1161,0
355,352,388,387,1348,1350,1942,0
488,489,847,1655,923,922,0
1657,191,189,2188,1745,0
1836,37,38,599,600,1963,1835,0
319,321,1812,1199,1198,1773,0
1963,1964,1121,1119,1835,0
1330,1328,2031,1947,1948,699,698,0
1987,1785,1783,826,829,2177,2219,0
1058,1059,1846,1182,1184,0
1291,2005,1686,1689,1294,0
1844,1847,1805,1804,2227,0
1938,1213,1211,1246,74,75,0
1915,2111,1913,1136,1137,1298,0
1710,1639,1636,888,890,0
1817,36,37,1836,1023,1021,0
1874,1875,2197,1523,1519,2173,0
2071,2068,2208,1841,578,580,2228,0
1113,1109,1762,1763,685,681,2229,0
1206,2211,1863,626,625,0
1824,1822,1366,1370,683,686,0
1253,1251,283,280,601,602,2230,0
694,695,909,907,1989,2231,0
1105,1107,2227,1804,1808,0
620,621,1296,1134,1138,2142,0
1857,1858,2011,1070,1068,1688,0
1345,1342,1266,1267,1876,1877,0
1122,1701,975,973,1118,0
480,481,1744,1745,2188,894,0
62,63,639,1706,0
88,1890,2232,2118,87,0
228,726,1417,2013,2014,2178,227,0
212,209,1498,1052,1053,1900,0
1727,939,937,2179,1664,1065,1067,0
383,385,2217,1957,1959,2185,0
1168,1169,1561,1521,1520,2199,0
135,137,1702,1506,1504,0
1755,1756,2210,2190,1940,1939,0
1599,82,79,1969,1598,0
1087,1088,2222,439,442,2157,1405,0
1221,1223,1861,1863,2211,1760,1759,0
2065,2120,310,314,1814,1060,1056,0
1902,962,587,589,1115,2216,0
1697,1698,2225,1045,1044,0
588,591,959,2186,2221,0
1013,68,65,1008,545,547,0
1924,1925,2229,681,682,0
1981,1111,1113,2229,1925,1923,1979,0
1768,1771,2176,518,519,0
1972,2196,1693,1694,1197,1195,0
1436,1434,1946,2233,2085,2084,0
281,283,1251,1250,1468,0
2192,1041,288,289,2182,0
1242,1244,1761,1142,1139,1576,0
1873,2204,1189,1190,1872,0
1092,1095,865,863,155,157,0
1904,2223,1128,1129,627,107,108,0
1039,469,463,1640,1038,0
445,537,1786,1559,1556,447,0
457,110,111,623,1862,759,760,0
617,620,2142,1311,1310,0
4,1758,1757,1423,1421,2,0
1275,1272,2124,2020,2021,0
1746,1747,1528,1527,2144,0
482,484,878,1730,0
1910,754,755,1971,1438,1437,2234,0
1988,1908,1909,2051,1255,1257,2235,0
668,666,1086,1089,1394,2103,0
1766,1187,1182,1846,1845,0
1817,1818,1618,1617,35,36,0
1361,1364,2010,1871,1870,0
1918,1920,2072,354,351,0
2049,1936,1935,2060,2061,30,33,0
1300,1303,122,118,1148,1147,0
2044,2042,2040,105,104,1324,0
1854,1855,2205,1239,1241,0
982,1800,1803,1867,1780,983,0
1123,1781,1819,2029,1700,1117,0
9,1833,1834,2225,1698,11,0
314,315,2226,1827,1813,1814,0
2037,1461,1457,2159,2158,0
95,839,2038,443,440,1578,94,0
1750,57,51,889,1680,1678,0
982,985,1830,1829,1798,1800,0
349,2034,1794,1793,1879,1878,348,0
1787,1831,1555,1559,1786,0
1260,2236,986,29,30,2061,1262,0
1904,1542,1540,2148,2223,0
1437,739,737,2050,2052,2234,0
934,1064,1625,1624,931,0
2057,2056,2207,1006,598,593,2206,0
722,1938,75,73,2101,719,0
1340,615,612,1954,1953,0
605,606,1259,1261,0
2027,2028,2237,766,764,0
2041,2237,2028,773,581,579,0
1970,574,575,477,476,1968,0
2132,2104,2018,410,407,0
394,2043,1945,619,617,1310,391,0
200,201,1844,2227,1107,0
1327,2057,2206,1323,0
1926,1375,1369,1050,1048,0
2131,1274,1275,2021,2019,2130,0
149,1334,765,768,2117,145,0
1277,1280,2194,1776,1775,672,669,0
565,1903,1363,1362,2107,564,0
1172,5,2,1421,1424,1943,0
1022,1024,1118,973,974,0
1002,1003,2140,2209,1797,0
290,1203,1929,1930,284,0
1742,2015,1952,1951,1739,0
1179,561,67,69,1768,519,516,0
755,756,2196,1972,1971,0
1932,1276,409,405,224,226,0
1131,1132,1887,1891,1546,0
2086,816,817,1627,2067,2069,0
1911,1913,2111,658,653,0
1685,2204,1873,946,944,0
2100,812,807,534,538,2238,2239,0
1233,2007,1807,1806,1230,0
1975,1974,1823,1824,686,684,0
353,355,1942,1941,713,711,0
1838,1840,2009,2039,2102,0
1149,1150,142,140,1860,1859,0
1935,1937,603,604,2060,0
247,2047,2240,2214,246,0
1151,1669,139,142,1150,0
1408,1410,740,741,1677,1675,0
2017,1411,1408,1675,885,882,0
2108,2241,2036,730,728,2109,0
2063,2064,2191,1610,1463,1465,0
688,690,2008,2010,1364,0
210,212,1900,1902,2216,0
1909,1910,2234,2052,2051,0
1774,1944,1843,1842,1772,0
2065,2066,2166,2121,2120,0
1474,2098,1791,1789,1927,1471,0
659,369,366,1912,1911,653,0
510,1950,530,532,2172,296,291,0
571,309,306,2161,567,0
1009,70,66,560,1811,0
161,404,1821,1823,1974,159,0
1234,709,710,842,1209,1232,0
1268,1270,1866,1801,1799,2137,0
264,2030,1191,262,0
677,921,919,1307,674,0
1429,2094,1626,813,814,1398,1427,0
1615,1613,1965,1208,1207,0
1996,1997,2036,2241,1868,1869,0
2097,2098,1474,1475,799,797,0
152,154,701,704,2006,0
640,641,1954,612,613,1707,0
2108,1365,1361,1870,1868,2241,0
2002,2004,703,706,2085,2233,2003,0
1386,1387,2242,2243,0
1883,2236,1260,1263,2183,1881,0
1336,1337,2001,2003,2233,1946,0
1178,1179,516,515,978,0
194,195,696,699,1948,0
2031,2032,830,827,1489,1486,1947,0
2000,1856,1852,128,126,1196,1193,1192,0
995,854,851,1554,1558,994,0
1176,1764,1762,1109,1112,0
217,1978,1254,1256,214,0
356,2073,386,388,352,0
393,395,2102,2039,2040,2042,0
338,1160,2101,73,72,0
652,650,2076,1958,1960,2218,0
2099,1743,1079,1078,1790,0
4,6,1222,1221,1759,1758,0
2048,1388,1386,2243,2240,2047,0
760,761,2090,456,457,0
1391,2079,1990,1991,1390,0
1984,2203,165,167,662,1983,0
1082,1083,1886,2198,2197,1875,0
1163,1164,553,551,0
1099,1100,2187,1949,0
1252,1253,2230,2082,0
2116,770,767,2136,2153,0
1883,1885,988,986,2236,0
1351,776,778,2110,1425,1426,0
1985,746,740,1410,1407,0
432,670,1173,1110,1111,1981,433,0
1308,1309,2012,2011,1858,0
2080,2078,1575,1576,1139,1145,1922,0
1418,1419,2159,1457,1459,0
1234,1235,2213,361,362,709,0
1285,1286,2189,1934,0
2070,1435,1436,2084,2086,2069,0
1391,836,832,2077,2079,0
1878,1880,1503,1500,345,348,0
1462,363,359,1339,1460,0
1445,747,744,2212,1442,0
329,875,871,1497,1496,325,0
1384,774,772,44,43,0
1711,1713,1892,1665,1666,0
1258,2053,215,214,1256,0
26,27,1104,1105,1808,1807,2007,0
2002,1690,1686,2005,2004,0
1956,1420,1418,1459,1456,2151,1955,0
2026,1347,89,86,2119,2025,0
1961,181,177,1779,2221,2186,0
1470,2083,869,868,0
2041,438,435,766,2237,0
697,700,2232,1890,1889,0
1696,1695,651,652,2218,0
103,106,689,784,787,1326,0
1476,899,898,2171,2184,0
1765,1975,684,685,1763,0
646,649,1289,1919,714,0
343,344,694,2231,1921,0
1984,1412,1409,1585,1584,2203,0
2114,1492,221,223,2162,2112,0
729,732,1811,560,563,0
374,763,2020,2124,2123,373,0
2145,2195,824,825,1634,2143,0
98,101,2214,2240,2243,2242,0
1389,693,99,98,2242,1387,0
2070,2071,2228,2244,1433,1435,0
425,426,831,833,1392,0
1358,1906,1907,631,628,2174,1355,0
1454,1708,1705,311,312,0
1090,1973,1914,1916,2222,1088,0
1077,1074,1333,1335,1928,2201,0
2024,1281,1278,2212,744,743,0
1102,1103,1986,1987,2219,0
1512,1271,1269,453,451,0
2156,1453,1451,1535,886,883,0
753,749,1648,1976,216,218,2088,0
427,1441,2089,835,831,426,0
349,350,1416,2035,2034,0
667,668,2103,2106,0
2054,1568,1567,1106,1108,1999,0
622,2023,1297,1296,621,0
1075,1077,2201,2202,0
1467,2054,1999,1998,1464,0
752,753,2088,1440,1439,0
1349,1351,1426,1422,1755,1939,0
897,2092,2091,252,249,1538,896,0
634,636,1144,1141,2096,0
1306,1988,2235,1304,0
1358,1359,2074,1591,1590,1906,0
1508,490,485,2138,2141,0
786,788,2150,2220,2062,0
2128,2244,2228,580,379,380,0
337,76,71,1220,1219,1993,0
1343,1345,1877,1879,1793,0
1465,1312,1315,789,785,2063,0
1401,1404,2097,797,798,0
2145,1495,1493,2195,0
2026,806,803,1502,1346,1347,0
1054,1982,1979,1923,1051,0
1430,707,701,154,151,0
1443,1446,1659,1658,2045,0
1966,1967,1004,1005,1778,0
1992,2080,1922,1921,2231,1989,0
184,185,1428,2096,1141,1140,0
415,1382,955,952,412,0
1073,1218,22,17,1072,0
1314,1316,2207,2056,1325,1322,0
2049,1724,1720,1282,1284,1936,0
1970,1888,1130,573,574,0
2000,1646,1645,1853,1856,0
1360,906,900,2075,1356,0
1329,1330,698,697,1889,0
2128,2129,1515,1431,1433,2244,0
1565,1566,2165,2220,2150,0
1321,1318,231,234,2100,2239,0
474,475,2116,2153,2152,1469,0
1560,168,163,447,1556,0
2125,2126,2238,538,444,446,0
1042,1376,1367,287,285,0
1295,1152,1146,2016,1292,0
2149,1543,943,941,0
1224,1248,1247,1861,1223,0
883,887,2087,2154,2156,0
1320,1321,2239,2238,2126,0
261,265,1194,1816,1699,0
2114,2115,1490,1492,0
2131,2132,407,411,1274,0
